Region_Name,Federal_District,Year,GRP_per_capita,Income_per_capita,Unemployment_rate,Migration_rate,Housing_price,Mortgage_rate,Investment_per_capita,Population
Москва,ЦФО,2010,780.0,46621.0,1.7,108.0,166000.0,13.1,275.0,11504.0
Москва,ЦФО,2011,848.7,49802.0,1.6,107.3,183284.0,11.9,296.9,11652.3
Москва,ЦФО,2012,927.1,52988.0,1.6,108.0,201947.0,12.3,308.1,11721.9
Москва,ЦФО,2013,975.4,56314.0,1.5,103.8,215664.0,12.4,324.8,11866.2
Москва,ЦФО,2014,1018.4,59099.0,1.8,98.3,228375.0,12.5,336.6,11982.3
Москва,ЦФО,2015,1035.4,60494.0,2.3,92.2,245933.0,13.4,365.6,12104.1
Москва,ЦФО,2016,1097.8,64891.0,2.3,94.4,257560.0,12.6,372.9,12210.3
Москва,ЦФО,2017,1183.5,69182.0,2.2,97.5,272439.0,10.6,385.0,12325.6
Москва,ЦФО,2018,1244.4,74313.0,2.1,100.6,294672.0,9.6,397.9,12460.3
Москва,ЦФО,2019,1327.1,79220.0,2.0,100.1,323320.0,9.0,424.9,12545.0
Москва,ЦФО,2020,1365.3,83024.0,2.8,96.2,377766.0,7.4,444.5,12643.2
Москва,ЦФО,2021,1508.5,88797.0,2.8,96.4,442025.0,7.1,441.3,12744.9
Москва,ЦФО,2022,1549.0,92867.0,2.9,90.0,509101.0,10.1,476.0,12839.1
Москва,ЦФО,2023,1681.2,98736.0,2.8,87.9,580843.0,7.7,499.6,12930.7
Московская область,ЦФО,2010,255.0,26742.0,3.4,133.0,55000.0,13.1,130.0,7093.0
Московская область,ЦФО,2011,271.8,28984.0,3.3,128.8,60816.0,11.9,137.5,7171.3
Московская область,ЦФО,2012,294.8,31001.0,3.3,129.3,66682.0,12.3,146.5,7260.5
Московская область,ЦФО,2013,321.0,32711.0,3.3,128.7,73311.0,12.4,155.1,7351.1
Московская область,ЦФО,2014,339.2,34135.0,3.5,124.0,82485.0,12.5,166.4,7456.9
Московская область,ЦФО,2015,343.8,35641.0,4.0,121.3,94709.0,13.4,172.5,7534.6
Московская область,ЦФО,2016,366.1,38524.0,3.8,125.9,101966.0,12.6,184.1,7610.2
Московская область,ЦФО,2017,397.1,42012.0,3.8,121.1,109402.0,10.6,195.5,7697.5
Московская область,ЦФО,2018,434.5,45798.0,3.7,122.0,117365.0,9.6,201.3,7787.6
Московская область,ЦФО,2019,476.1,49059.0,3.6,127.6,129701.0,9.0,214.1,7886.5
Московская область,ЦФО,2020,494.4,51799.0,4.3,120.1,146063.0,7.4,229.9,7992.5
Московская область,ЦФО,2021,545.5,57216.0,4.1,117.7,166821.0,7.1,239.4,8077.4
Московская область,ЦФО,2022,585.1,61158.0,4.2,121.8,189320.0,10.1,260.5,8181.0
Московская область,ЦФО,2023,627.5,66433.0,4.1,121.6,212473.0,7.7,279.3,8258.5
Белгородская область,ЦФО,2010,220.0,16993.0,5.0,28.0,33000.0,13.1,95.0,1532.0
Белгородская область,ЦФО,2011,233.8,18369.0,4.9,29.2,35461.0,11.9,96.1,1532.2
Белгородская область,ЦФО,2012,250.8,19669.0,4.8,32.4,37076.0,12.3,100.5,1538.9
Белгородская область,ЦФО,2013,262.8,20809.0,4.7,44.0,40080.0,12.4,105.4,1545.9
Белгородская область,ЦФО,2014,277.4,22070.0,4.9,39.6,43444.0,12.5,108.7,1550.0
Белгородская область,ЦФО,2015,279.9,22693.0,5.4,31.8,48637.0,13.4,108.6,1552.4
Белгородская область,ЦФО,2016,304.4,24300.0,5.3,29.6,50920.0,12.6,111.1,1556.1
Белгородская область,ЦФО,2017,325.9,25798.0,4.9,30.2,56821.0,10.6,116.8,1557.2
Белгородская область,ЦФО,2018,353.2,27341.0,4.9,26.6,60659.0,9.6,122.4,1558.8
Белгородская область,ЦФО,2019,375.2,29025.0,4.6,29.3,67197.0,9.0,128.1,1568.4
Белгородская область,ЦФО,2020,395.5,29576.0,5.2,25.7,73392.0,7.4,136.3,1574.0
Белгородская область,ЦФО,2021,422.8,30416.0,5.0,30.6,79659.0,7.1,140.8,1572.8
Белгородская область,ЦФО,2022,444.2,32445.0,5.0,23.6,86264.0,10.1,149.5,1577.0
Белгородская область,ЦФО,2023,471.0,34746.0,4.9,28.4,97209.0,7.7,155.5,1576.0
Брянская область,ЦФО,2010,128.0,13648.0,7.1,-18.0,28000.0,13.1,48.0,1276.0
Брянская область,ЦФО,2011,131.7,14441.0,6.8,-18.6,30029.0,11.9,49.6,1271.1
Брянская область,ЦФО,2012,138.4,15463.0,6.7,-17.7,32058.0,12.3,50.3,1269.6
Брянская область,ЦФО,2013,148.1,16228.0,6.6,-17.8,33601.0,12.4,52.5,1266.4
Брянская область,ЦФО,2014,155.2,16738.0,6.6,-16.5,36007.0,12.5,53.8,1265.4
Брянская область,ЦФО,2015,158.1,17299.0,7.0,-18.5,38183.0,13.4,56.0,1261.8
Брянская область,ЦФО,2016,167.9,18468.0,6.7,-22.1,39812.0,12.6,60.0,1260.7
Брянская область,ЦФО,2017,180.1,19723.0,6.4,-21.9,42731.0,10.6,61.7,1255.0
Брянская область,ЦФО,2018,193.7,20869.0,6.3,-23.6,44547.0,9.6,63.1,1248.7
Брянская область,ЦФО,2019,206.0,22186.0,6.1,-27.9,46741.0,9.0,64.2,1240.4
Брянская область,ЦФО,2020,209.6,22754.0,6.8,-33.4,51348.0,7.4,68.0,1235.6
Брянская область,ЦФО,2021,222.1,24035.0,6.6,-28.8,57191.0,7.1,68.7,1230.6
Брянская область,ЦФО,2022,233.1,24848.0,6.6,-35.1,63634.0,10.1,70.7,1225.6
Брянская область,ЦФО,2023,252.4,26642.0,6.5,-34.6,72602.0,7.7,71.6,1225.5
Владимирская область,ЦФО,2010,155.0,13776.0,7.5,-8.0,31000.0,13.1,52.0,1443.0
Владимирская область,ЦФО,2011,162.2,14498.0,7.2,-7.5,31761.0,11.9,52.9,1441.5
Владимирская область,ЦФО,2012,176.8,15543.0,7.0,-11.5,33592.0,12.3,53.4,1443.6
Владимирская область,ЦФО,2013,190.7,16382.0,6.8,-7.8,34712.0,12.4,56.4,1436.5
Владимирская область,ЦФО,2014,194.3,17019.0,7.0,-13.0,37177.0,12.5,57.5,1433.0
Владимирская область,ЦФО,2015,196.1,17426.0,7.2,-12.2,40345.0,13.4,57.8,1431.2
Владимирская область,ЦФО,2016,205.5,18815.0,7.0,-6.0,43269.0,12.6,60.8,1434.0
Владимирская область,ЦФО,2017,217.0,20176.0,6.7,-3.9,46896.0,10.6,64.2,1435.0
Владимирская область,ЦФО,2018,224.0,21083.0,6.5,0.6,48132.0,9.6,65.7,1433.9
Владимирская область,ЦФО,2019,243.2,21978.0,6.4,0.5,49747.0,9.0,67.5,1426.6
Владимирская область,ЦФО,2020,249.7,22244.0,6.9,-6.1,56066.0,7.4,69.9,1422.0
Владимирская область,ЦФО,2021,268.5,23300.0,6.6,-6.4,62684.0,7.1,71.1,1416.7
Владимирская область,ЦФО,2022,273.9,24775.0,6.6,-10.7,70216.0,10.1,72.1,1413.7
Владимирская область,ЦФО,2023,293.6,26094.0,6.2,-15.3,78458.0,7.7,73.7,1414.0
Воронежская область,ЦФО,2010,162.0,14847.0,7.3,12.0,30000.0,13.1,65.0,2335.0
Воронежская область,ЦФО,2011,172.7,15996.0,7.2,11.6,32602.0,11.9,71.6,2330.9
Воронежская область,ЦФО,2012,180.3,17158.0,6.9,8.4,34677.0,12.3,72.2,2338.4
Воронежская область,ЦФО,2013,195.5,18357.0,6.6,12.9,38560.0,12.4,75.1,2341.6
Воронежская область,ЦФО,2014,199.8,19205.0,6.8,16.7,40915.0,12.5,75.8,2337.1
Воронежская область,ЦФО,2015,204.8,19574.0,7.1,13.8,43758.0,13.4,77.7,2334.8
Воронежская область,ЦФО,2016,220.0,20931.0,6.8,16.1,47033.0,12.6,79.2,2338.6
Воронежская область,ЦФО,2017,231.9,22423.0,6.7,14.1,51559.0,10.6,79.4,2342.2
Воронежская область,ЦФО,2018,245.3,23473.0,6.5,11.4,53871.0,9.6,82.5,2345.5
Воронежская область,ЦФО,2019,256.0,25096.0,6.3,8.8,56772.0,9.0,84.5,2343.4
Воронежская область,ЦФО,2020,269.7,25867.0,7.0,8.1,64335.0,7.4,85.8,2332.6
Воронежская область,ЦФО,2021,291.0,27610.0,6.8,7.7,72975.0,7.1,87.9,2337.5
Воронежская область,ЦФО,2022,306.7,28809.0,6.8,2.4,82786.0,10.1,90.5,2338.0
Воронежская область,ЦФО,2023,332.5,30705.0,6.4,-0.6,94898.0,7.7,93.1,2326.7
Ивановская область,ЦФО,2010,100.0,12031.0,7.8,-22.0,27000.0,13.1,30.0,1062.0
Ивановская область,ЦФО,2011,105.0,12887.0,7.7,-28.6,28807.0,11.9,30.4,1058.4
Ивановская область,ЦФО,2012,111.6,13291.0,7.4,-26.7,31234.0,12.3,31.2,1059.3
Ивановская область,ЦФО,2013,117.5,13997.0,7.3,-29.3,32804.0,12.4,31.2,1055.3
Ивановская область,ЦФО,2014,118.8,14486.0,7.3,-32.1,35004.0,12.5,32.5,1049.0
Ивановская область,ЦФО,2015,117.7,14668.0,7.8,-31.0,37666.0,13.4,32.5,1045.9
Ивановская область,ЦФО,2016,127.0,15258.0,7.7,-29.1,38932.0,12.6,31.9,1041.7
Ивановская область,ЦФО,2017,134.0,15805.0,7.5,-26.9,43287.0,10.6,32.6,1038.8
Ивановская область,ЦФО,2018,141.1,16437.0,7.4,-22.1,46317.0,9.6,34.4,1034.4
Ивановская область,ЦФО,2019,146.0,17233.0,7.0,-17.5,49150.0,9.0,35.8,1031.3
Ивановская область,ЦФО,2020,147.7,17339.0,7.6,-26.4,52221.0,7.4,37.1,1025.4
Ивановская область,ЦФО,2021,159.0,18149.0,7.3,-34.5,55714.0,7.1,37.6,1020.7
Ивановская область,ЦФО,2022,165.3,19090.0,7.2,-30.8,62811.0,10.1,38.1,1017.0
Ивановская область,ЦФО,2023,173.5,20092.0,6.9,-30.9,68570.0,7.7,38.3,1011.8
Калужская область,ЦФО,2010,220.0,16490.0,5.1,35.0,37000.0,13.1,95.0,1010.0
Калужская область,ЦФО,2011,238.0,17590.0,5.0,38.7,41162.0,11.9,94.2,1008.7
Калужская область,ЦФО,2012,255.7,18738.0,4.8,44.0,43204.0,12.3,97.2,1014.0
Калужская область,ЦФО,2013,281.4,20223.0,4.7,40.3,45606.0,12.4,100.8,1018.6
Калужская область,ЦФО,2014,293.8,21110.0,4.8,41.8,49955.0,12.5,106.5,1019.8
Калужская область,ЦФО,2015,304.2,21839.0,5.2,41.6,53617.0,13.4,112.3,1022.9
Калужская область,ЦФО,2016,325.9,23662.0,4.9,43.4,57091.0,12.6,114.3,1023.7
Калужская область,ЦФО,2017,361.3,24686.0,4.8,41.8,63750.0,10.6,120.3,1027.8
Калужская область,ЦФО,2018,390.0,26763.0,4.6,41.6,69008.0,9.6,126.4,1031.7
Калужская область,ЦФО,2019,410.3,28174.0,4.4,41.6,75636.0,9.0,132.8,1035.7
Калужская область,ЦФО,2020,426.4,28968.0,5.1,31.5,85675.0,7.4,136.4,1040.6
Калужская область,ЦФО,2021,462.3,31362.0,4.8,27.7,99460.0,7.1,145.8,1041.1
Калужская область,ЦФО,2022,493.1,32599.0,4.8,19.5,110674.0,10.1,150.5,1040.6
Калужская область,ЦФО,2023,524.7,35322.0,4.7,20.0,122770.0,7.7,165.9,1039.8
Костромская область,ЦФО,2010,130.0,12620.0,6.9,-25.0,27000.0,13.1,35.0,667.0
Костромская область,ЦФО,2011,135.3,13270.0,6.8,-27.1,29802.0,11.9,35.6,664.5
Костромская область,ЦФО,2012,145.9,13829.0,6.6,-25.2,32426.0,12.3,36.8,663.4
Костромская область,ЦФО,2013,154.6,14247.0,6.3,-23.4,33552.0,12.4,37.2,661.5
Костромская область,ЦФО,2014,154.3,14727.0,6.6,-22.8,35660.0,12.5,38.4,660.0
Костромская область,ЦФО,2015,153.7,14549.0,7.0,-29.7,37765.0,13.4,39.2,656.2
Костромская область,ЦФО,2016,164.0,15269.0,6.8,-26.9,40193.0,12.6,40.0,653.1
Костромская область,ЦФО,2017,172.4,15944.0,6.6,-28.3,41836.0,10.6,40.5,652.2
Костромская область,ЦФО,2018,178.6,16703.0,6.4,-25.2,43542.0,9.6,42.4,648.0
Костромская область,ЦФО,2019,188.3,17726.0,6.2,-21.0,45794.0,9.0,44.1,649.0
Костромская область,ЦФО,2020,190.7,17957.0,6.7,-27.2,50795.0,7.4,46.3,646.5
Костромская область,ЦФО,2021,197.5,18628.0,6.6,-22.6,55134.0,7.1,47.2,643.1
Костромская область,ЦФО,2022,202.6,19157.0,6.6,-26.1,61188.0,10.1,47.0,641.7
Костромская область,ЦФО,2023,220.6,19960.0,6.4,-28.0,67011.0,7.7,47.2,640.8
Курская область,ЦФО,2010,175.0,14879.0,6.5,-5.0,28000.0,13.1,68.0,1127.0
Курская область,ЦФО,2011,183.9,15614.0,6.4,-4.4,29960.0,11.9,69.1,1122.0
Курская область,ЦФО,2012,199.5,16908.0,6.2,-3.4,31368.0,12.3,70.5,1121.9
Курская область,ЦФО,2013,217.8,17884.0,5.9,-3.5,32719.0,12.4,70.5,1124.5
Курская область,ЦФО,2014,222.2,18628.0,6.3,-7.1,34671.0,12.5,74.2,1121.7
Курская область,ЦФО,2015,227.3,19111.0,6.7,-8.3,38109.0,13.4,77.2,1122.4
Курская область,ЦФО,2016,243.9,20381.0,6.6,-6.4,41257.0,12.6,81.3,1120.2
Курская область,ЦФО,2017,259.1,21917.0,6.4,-6.3,43018.0,10.6,84.2,1121.3
Курская область,ЦФО,2018,275.4,23244.0,6.2,0.2,44359.0,9.6,87.8,1119.5
Курская область,ЦФО,2019,292.9,24713.0,6.1,2.0,48504.0,9.0,90.1,1119.0
Курская область,ЦФО,2020,299.1,25469.0,6.7,-5.1,53819.0,7.4,90.8,1120.5
Курская область,ЦФО,2021,314.4,27119.0,6.5,0.6,59894.0,7.1,93.2,1116.2
Курская область,ЦФО,2022,328.8,28002.0,6.5,-5.1,65221.0,10.1,97.2,1112.1
Курская область,ЦФО,2023,351.9,29647.0,6.1,-7.2,74730.0,7.7,97.8,1110.1
Липецкая область,ЦФО,2010,225.0,15656.0,4.8,-2.0,29000.0,13.1,80.0,1173.0
Липецкая область,ЦФО,2011,237.6,16665.0,4.7,1.4,29971.0,11.9,84.6,1172.8
Липецкая область,ЦФО,2012,253.6,17786.0,4.6,1.9,32053.0,12.3,88.1,1173.5
Липецкая область,ЦФО,2013,268.5,19179.0,4.5,-2.4,33517.0,12.4,93.9,1172.4
Липецкая область,ЦФО,2014,273.2,20124.0,4.5,-5.7,35064.0,12.5,95.7,1165.1
Липецкая область,ЦФО,2015,268.6,20665.0,4.9,-8.9,37752.0,13.4,99.2,1163.2
Липецкая область,ЦФО,2016,279.8,22300.0,4.8,-8.2,40719.0,12.6,101.6,1156.3
Липецкая область,ЦФО,2017,295.5,23445.0,4.7,-6.3,42298.0,10.6,103.8,1153.1
Липецкая область,ЦФО,2018,315.9,25269.0,4.6,-4.2,45665.0,9.6,106.9,1152.4
Липецкая область,ЦФО,2019,339.3,26989.0,4.5,-3.6,49421.0,9.0,108.7,1155.6
Липецкая область,ЦФО,2020,345.3,28329.0,5.1,-9.6,54972.0,7.4,110.3,1154.9
Липецкая область,ЦФО,2021,362.9,30019.0,5.0,-9.5,63571.0,7.1,117.4,1152.9
Липецкая область,ЦФО,2022,371.2,31088.0,5.1,-14.9,66943.0,10.1,121.6,1154.2
Липецкая область,ЦФО,2023,384.8,33042.0,4.9,-11.7,75219.0,7.7,129.3,1151.6
Орловская область,ЦФО,2010,140.0,12800.0,7.0,-20.0,28000.0,13.1,42.0,786.0
Орловская область,ЦФО,2011,148.9,13545.0,6.9,-21.9,28744.0,11.9,44.0,784.1
Орловская область,ЦФО,2012,157.6,14267.0,6.7,-18.4,30134.0,12.3,44.3,782.7
Орловская область,ЦФО,2013,164.5,15119.0,6.3,-19.4,30122.0,12.4,46.1,778.7
Орловская область,ЦФО,2014,164.3,15774.0,6.5,-20.0,31630.0,12.5,47.3,776.6
Орловская область,ЦФО,2015,160.7,16090.0,6.8,-18.5,33197.0,13.4,46.7,776.0
Орловская область,ЦФО,2016,167.9,16824.0,6.7,-17.2,34963.0,12.6,49.5,775.5
Орловская область,ЦФО,2017,176.9,17610.0,6.4,-15.0,36915.0,10.6,50.3,773.6
Орловская область,ЦФО,2018,187.8,18473.0,6.3,-14.0,39191.0,9.6,49.2,773.3
Орловская область,ЦФО,2019,188.6,19883.0,6.1,-12.2,41427.0,9.0,51.2,769.9
Орловская область,ЦФО,2020,190.3,20716.0,6.8,-15.7,45654.0,7.4,52.4,768.6
Орловская область,ЦФО,2021,207.0,21737.0,6.7,-12.1,49977.0,7.1,54.5,767.9
Орловская область,ЦФО,2022,218.3,22059.0,6.7,-15.1,55652.0,10.1,54.7,766.7
Орловская область,ЦФО,2023,234.7,23288.0,6.6,-18.8,61463.0,7.7,56.8,765.4
Рязанская область,ЦФО,2010,155.0,13650.0,6.2,-10.0,30000.0,13.1,50.0,1154.0
Рязанская область,ЦФО,2011,163.6,14708.0,6.0,-10.0,32004.0,11.9,51.5,1149.2
Рязанская область,ЦФО,2012,169.6,15889.0,5.6,-11.9,33664.0,12.3,51.9,1143.6
Рязанская область,ЦФО,2013,184.2,17046.0,5.5,-12.8,35525.0,12.4,55.8,1135.3
Рязанская область,ЦФО,2014,195.9,17412.0,5.9,-10.7,36760.0,12.5,58.6,1134.4
Рязанская область,ЦФО,2015,199.1,17900.0,6.3,-13.9,39931.0,13.4,60.6,1130.4
Рязанская область,ЦФО,2016,210.1,18589.0,6.0,-13.3,42642.0,12.6,61.0,1130.9
Рязанская область,ЦФО,2017,225.8,19333.0,5.7,-14.0,44724.0,10.6,63.9,1129.4
Рязанская область,ЦФО,2018,235.9,20518.0,5.6,-18.8,46578.0,9.6,64.9,1127.1
Рязанская область,ЦФО,2019,250.0,21894.0,5.4,-20.1,50061.0,9.0,68.6,1124.0
Рязанская область,ЦФО,2020,259.1,22524.0,6.0,-29.3,55086.0,7.4,69.5,1124.1
Рязанская область,ЦФО,2021,271.8,23670.0,6.0,-31.3,61896.0,7.1,71.1,1120.1
Рязанская область,ЦФО,2022,291.4,24238.0,6.0,-35.9,69334.0,10.1,74.0,1115.1
Рязанская область,ЦФО,2023,308.2,25989.0,5.7,-36.1,79943.0,7.7,75.2,1115.7
Смоленская область,ЦФО,2010,148.0,14200.0,7.4,-15.0,28000.0,13.1,45.0,985.0
Смоленская область,ЦФО,2011,159.2,15210.0,7.4,-16.1,29351.0,11.9,46.4,982.0
Смоленская область,ЦФО,2012,165.7,15776.0,7.1,-18.4,30708.0,12.3,46.1,979.7
Смоленская область,ЦФО,2013,169.9,16631.0,7.0,-14.8,33094.0,12.4,45.0,974.9
Смоленская область,ЦФО,2014,177.4,17199.0,7.1,-16.5,34585.0,12.5,45.8,973.6
Смоленская область,ЦФО,2015,174.5,17372.0,7.4,-21.7,35623.0,13.4,46.6,973.2
Смоленская область,ЦФО,2016,186.3,18374.0,7.3,-21.3,36936.0,12.6,47.1,974.6
Смоленская область,ЦФО,2017,196.7,19337.0,7.1,-19.2,38910.0,10.6,48.1,973.6
Смоленская область,ЦФО,2018,204.1,19980.0,6.8,-25.7,39730.0,9.6,49.5,970.9
Смоленская область,ЦФО,2019,222.4,20977.0,6.5,-22.9,42820.0,9.0,50.5,967.2
Смоленская область,ЦФО,2020,227.4,21448.0,7.1,-30.2,46171.0,7.4,52.5,964.8
Смоленская область,ЦФО,2021,238.9,22517.0,6.9,-27.7,52284.0,7.1,53.9,963.9
Смоленская область,ЦФО,2022,245.8,22806.0,6.8,-32.3,56697.0,10.1,54.6,960.3
Смоленская область,ЦФО,2023,257.8,24086.0,6.5,-32.7,62944.0,7.7,53.4,953.9
Тамбовская область,ЦФО,2010,138.0,12995.0,6.8,-30.0,26000.0,13.1,52.0,1091.0
Тамбовская область,ЦФО,2011,149.6,13976.0,6.6,-31.0,27442.0,11.9,55.1,1085.2
Тамбовская область,ЦФО,2012,157.9,14746.0,6.4,-29.7,29188.0,12.3,56.8,1083.5
Тамбовская область,ЦФО,2013,169.8,15352.0,6.1,-30.4,29359.0,12.4,59.5,1076.6
Тамбовская область,ЦФО,2014,169.8,16051.0,6.0,-34.0,31593.0,12.5,60.5,1072.9
Тамбовская область,ЦФО,2015,167.2,16370.0,6.4,-39.9,33478.0,13.4,62.9,1070.4
Тамбовская область,ЦФО,2016,176.8,17346.0,6.1,-40.5,34825.0,12.6,64.1,1068.7
Тамбовская область,ЦФО,2017,183.6,18031.0,5.9,-37.3,38000.0,10.6,65.6,1062.3
Тамбовская область,ЦФО,2018,199.9,19268.0,5.6,-35.1,39887.0,9.6,70.4,1058.2
Тамбовская область,ЦФО,2019,216.1,20807.0,5.5,-37.1,42308.0,9.0,71.3,1057.4
Тамбовская область,ЦФО,2020,222.6,21300.0,6.1,-38.5,46341.0,7.4,71.3,1051.4
Тамбовская область,ЦФО,2021,237.9,22899.0,5.8,-42.8,51660.0,7.1,74.8,1049.0
Тамбовская область,ЦФО,2022,246.2,24167.0,6.0,-48.7,57615.0,10.1,77.6,1045.3
Тамбовская область,ЦФО,2023,262.0,26087.0,6.0,-49.8,63515.0,7.7,80.6,1037.2
Тверская область,ЦФО,2010,165.0,14800.0,6.5,-12.0,34000.0,13.1,55.0,1353.0
Тверская область,ЦФО,2011,169.7,16075.0,6.3,-11.1,35577.0,11.9,56.3,1352.4
Тверская область,ЦФО,2012,182.2,16920.0,6.1,-6.3,37940.0,12.3,58.2,1351.5
Тверская область,ЦФО,2013,195.3,18078.0,5.8,-5.1,41549.0,12.4,60.1,1347.7
Тверская область,ЦФО,2014,199.2,18912.0,5.9,-2.0,45559.0,12.5,61.8,1347.0
Тверская область,ЦФО,2015,208.5,19375.0,6.4,-1.1,47031.0,13.4,64.5,1347.7
Тверская область,ЦФО,2016,220.5,20236.0,6.1,0.7,50113.0,12.6,65.2,1351.0
Тверская область,ЦФО,2017,235.1,21142.0,5.9,0.3,54097.0,10.6,68.6,1349.7
Тверская область,ЦФО,2018,246.3,22585.0,5.6,-1.0,57744.0,9.6,71.2,1350.2
Тверская область,ЦФО,2019,259.6,24437.0,5.5,-5.3,61293.0,9.0,73.5,1343.3
Тверская область,ЦФО,2020,260.8,25506.0,6.1,-9.7,68755.0,7.4,79.4,1345.5
Тверская область,ЦФО,2021,285.0,27429.0,6.0,-11.4,78075.0,7.1,82.6,1340.4
Тверская область,ЦФО,2022,295.3,28338.0,6.0,-11.0,87928.0,10.1,86.6,1335.1
Тверская область,ЦФО,2023,309.7,29366.0,6.0,-9.1,99425.0,7.7,88.8,1329.8
Тульская область,ЦФО,2010,175.0,15100.0,5.3,-5.0,33000.0,13.1,65.0,1553.0
Тульская область,ЦФО,2011,190.7,16270.0,5.1,-1.7,35150.0,11.9,66.2,1557.0
Тульская область,ЦФО,2012,208.8,17307.0,4.8,-0.8,36768.0,12.3,68.9,1554.9
Тульская область,ЦФО,2013,221.8,18164.0,4.6,-9.4,39746.0,12.4,70.7,1551.8
Тульская область,ЦФО,2014,236.3,19426.0,4.8,-14.4,42140.0,12.5,72.5,1549.3
Тульская область,ЦФО,2015,243.0,20248.0,5.2,-19.9,44999.0,13.4,75.0,1544.4
Тульская область,ЦФО,2016,261.4,21903.0,5.0,-19.9,47376.0,12.6,80.1,1537.5
Тульская область,ЦФО,2017,269.6,23685.0,4.9,-18.4,51439.0,10.6,82.7,1528.3
Тульская область,ЦФО,2018,286.1,25585.0,4.6,-17.0,53659.0,9.6,86.3,1524.1
Тульская область,ЦФО,2019,298.7,27758.0,4.5,-13.5,56572.0,9.0,88.1,1517.4
Тульская область,ЦФО,2020,310.4,28958.0,5.1,-21.0,63168.0,7.4,91.8,1513.7
Тульская область,ЦФО,2021,317.5,31148.0,4.9,-19.2,71578.0,7.1,90.8,1515.5
Тульская область,ЦФО,2022,329.3,32590.0,4.9,-24.6,81939.0,10.1,93.0,1508.0
Тульская область,ЦФО,2023,361.0,35006.0,4.6,-22.0,90564.0,7.7,96.0,1502.9
Ярославская область,ЦФО,2010,195.0,15500.0,5.8,0.0,34000.0,13.1,58.0,1272.0
Ярославская область,ЦФО,2011,216.6,16489.0,5.7,0.3,35833.0,11.9,59.1,1267.1
Ярославская область,ЦФО,2012,232.8,17338.0,5.5,4.2,39778.0,12.3,62.1,1266.5
Ярославская область,ЦФО,2013,249.9,18485.0,5.4,3.2,41842.0,12.4,63.0,1264.7
Ярославская область,ЦФО,2014,253.2,19300.0,5.6,5.4,46618.0,12.5,63.4,1264.1
Ярославская область,ЦФО,2015,256.8,19389.0,6.1,6.0,50308.0,13.4,65.0,1270.6
Ярославская область,ЦФО,2016,274.5,20633.0,5.9,5.1,54039.0,12.6,66.3,1270.4
Ярославская область,ЦФО,2017,296.7,21607.0,5.7,-1.3,59140.0,10.6,70.0,1267.4
Ярославская область,ЦФО,2018,320.7,22897.0,5.6,0.4,62015.0,9.6,71.3,1265.6
Ярославская область,ЦФО,2019,338.0,24157.0,5.5,4.0,65132.0,9.0,75.6,1268.6
Ярославская область,ЦФО,2020,352.8,24709.0,6.0,-0.0,73898.0,7.4,77.7,1265.0
Ярославская область,ЦФО,2021,371.3,26255.0,5.9,-1.4,81630.0,7.1,79.5,1265.8
Ярославская область,ЦФО,2022,386.5,27908.0,6.0,-4.9,89439.0,10.1,80.6,1265.3
Ярославская область,ЦФО,2023,413.6,29977.0,5.8,0.8,99403.0,7.7,82.5,1263.8
Санкт-Петербург,СЗФО,2010,390.0,24380.0,2.6,106.0,69000.0,13.1,110.0,4880.0
Санкт-Петербург,СЗФО,2011,428.2,26292.0,2.5,105.7,72602.0,11.9,117.2,4930.0
Санкт-Петербург,СЗФО,2012,463.8,28637.0,2.4,107.9,79166.0,12.3,124.0,4984.3
Санкт-Петербург,СЗФО,2013,493.8,31332.0,2.4,113.5,86150.0,12.4,132.0,5033.6
Санкт-Петербург,СЗФО,2014,514.6,33154.0,2.5,108.3,94190.0,12.5,140.5,5073.4
Санкт-Петербург,СЗФО,2015,535.5,35079.0,3.1,108.8,103393.0,13.4,146.7,5115.6
Санкт-Петербург,СЗФО,2016,580.5,38329.0,3.0,100.7,114872.0,12.6,154.3,5168.9
Санкт-Петербург,СЗФО,2017,620.7,40486.0,2.9,103.5,127651.0,10.6,166.1,5234.0
Санкт-Петербург,СЗФО,2018,683.6,44585.0,2.8,102.8,142500.0,9.6,174.2,5273.7
Санкт-Петербург,СЗФО,2019,762.4,48050.0,2.7,107.9,157136.0,9.0,184.5,5318.7
Санкт-Петербург,СЗФО,2020,801.0,49889.0,3.4,101.6,172651.0,7.4,191.0,5362.8
Санкт-Петербург,СЗФО,2021,864.0,52907.0,3.2,100.7,201131.0,7.1,200.4,5403.3
Санкт-Петербург,СЗФО,2022,932.8,54737.0,3.4,97.3,229916.0,10.1,209.3,5444.5
Санкт-Петербург,СЗФО,2023,995.4,59879.0,3.2,95.2,258573.0,7.7,227.5,5474.4
Ленинградская область,СЗФО,2010,275.0,17350.0,4.2,95.0,44000.0,13.1,120.0,1716.0
Ленинградская область,СЗФО,2011,289.9,18624.0,4.1,93.6,48448.0,11.9,121.7,1730.8
Ленинградская область,СЗФО,2012,320.7,20142.0,3.9,91.4,52525.0,12.3,125.3,1744.2
Ленинградская область,СЗФО,2013,341.2,21518.0,3.7,91.9,57340.0,12.4,130.6,1760.0
Ленинградская область,СЗФО,2014,351.6,22946.0,3.9,90.6,62377.0,12.5,136.9,1777.9
Ленинградская область,СЗФО,2015,362.3,23397.0,4.4,87.5,68483.0,13.4,140.1,1791.5
Ленинградская область,СЗФО,2016,390.6,24469.0,4.3,84.4,73827.0,12.6,147.1,1809.4
Ленинградская область,СЗФО,2017,416.3,26487.0,4.3,80.8,81159.0,10.6,152.1,1825.5
Ленинградская область,СЗФО,2018,456.4,28113.0,4.2,81.6,90927.0,9.6,158.5,1838.1
Ленинградская область,СЗФО,2019,498.9,30367.0,4.0,84.7,95644.0,9.0,170.4,1856.0
Ленинградская область,СЗФО,2020,514.1,31363.0,4.6,82.1,107448.0,7.4,177.8,1875.1
Ленинградская область,СЗФО,2021,550.5,33474.0,4.5,86.9,117031.0,7.1,183.2,1884.9
Ленинградская область,СЗФО,2022,582.4,35219.0,4.6,82.9,130527.0,10.1,193.6,1901.5
Ленинградская область,СЗФО,2023,624.9,37634.0,4.4,87.7,147284.0,7.7,201.3,1918.4
Республика Карелия,СЗФО,2010,195.0,16600.0,8.5,-35.0,35000.0,13.1,55.0,643.0
Республика Карелия,СЗФО,2011,206.9,17360.0,8.2,-33.7,37970.0,11.9,56.4,638.2
Республика Карелия,СЗФО,2012,213.6,17967.0,8.3,-31.7,40364.0,12.3,59.5,636.1
Республика Карелия,СЗФО,2013,218.2,18743.0,8.0,-33.2,42111.0,12.4,59.8,630.9
Республика Карелия,СЗФО,2014,224.7,19038.0,7.9,-42.7,44852.0,12.5,63.4,627.3
Республика Карелия,СЗФО,2015,227.9,19641.0,8.2,-46.1,46374.0,13.4,65.3,627.3
Республика Карелия,СЗФО,2016,233.9,20686.0,8.0,-45.1,49616.0,12.6,67.9,623.4
Республика Карелия,СЗФО,2017,246.5,21631.0,7.8,-45.2,53247.0,10.6,68.7,621.3
Республика Карелия,СЗФО,2018,258.7,22229.0,7.5,-47.0,57866.0,9.6,68.7,619.5
Республика Карелия,СЗФО,2019,262.9,24219.0,7.3,-46.2,62633.0,9.0,70.2,616.7
Республика Карелия,СЗФО,2020,270.4,24832.0,7.8,-51.7,69566.0,7.4,71.3,614.6
Республика Карелия,СЗФО,2021,271.3,26279.0,7.6,-48.4,76416.0,7.1,72.6,612.1
Республика Карелия,СЗФО,2022,280.9,26725.0,7.6,-49.5,82487.0,10.1,73.0,609.4
Республика Карелия,СЗФО,2023,297.3,27846.0,7.5,-45.9,92030.0,7.7,75.5,606.8
Республика Коми,СЗФО,2010,340.0,22000.0,9.5,-65.0,40000.0,13.1,110.0,901.0
Республика Коми,СЗФО,2011,359.3,23093.0,9.1,-67.0,41259.0,11.9,110.6,893.8
Республика Коми,СЗФО,2012,369.2,24158.0,8.8,-69.5,41681.0,12.3,112.1,887.9
Республика Коми,СЗФО,2013,389.4,24876.0,8.4,-67.0,43098.0,12.4,111.3,880.7
Республика Коми,СЗФО,2014,391.2,24982.0,8.5,-68.2,45828.0,12.5,109.5,876.4
Республика Коми,СЗФО,2015,379.0,24270.0,9.0,-70.5,48296.0,13.4,114.4,868.7
Республика Коми,СЗФО,2016,398.9,25185.0,8.9,-62.2,51194.0,12.6,116.6,863.1
Республика Коми,СЗФО,2017,411.7,26436.0,8.6,-63.8,51852.0,10.6,116.0,857.0
Республика Коми,СЗФО,2018,422.9,28132.0,8.3,-63.4,54445.0,9.6,117.0,852.2
Республика Коми,СЗФО,2019,434.1,29305.0,7.9,-64.8,56820.0,9.0,114.9,847.3
Республика Коми,СЗФО,2020,439.6,29916.0,8.5,-70.1,62750.0,7.4,115.6,841.4
Республика Коми,СЗФО,2021,440.5,31362.0,8.4,-66.4,70606.0,7.1,118.7,835.1
Республика Коми,СЗФО,2022,444.8,32149.0,8.3,-71.7,78503.0,10.1,122.7,828.6
Республика Коми,СЗФО,2023,452.5,32826.0,8.0,-72.2,85965.0,7.7,120.7,821.0
Архангельская область,СЗФО,2010,280.0,19800.0,7.8,-55.0,37000.0,13.1,90.0,1228.0
Архангельская область,СЗФО,2011,295.4,20865.0,7.7,-55.2,39333.0,11.9,89.6,1221.6
Архангельская область,СЗФО,2012,305.2,21500.0,7.4,-57.8,41976.0,12.3,91.9,1216.1
Архангельская область,СЗФО,2013,314.8,23020.0,7.1,-56.0,43281.0,12.4,94.8,1206.7
Архангельская область,СЗФО,2014,319.8,23699.0,7.1,-58.7,44534.0,12.5,98.0,1196.3
Архангельская область,СЗФО,2015,306.7,23834.0,7.5,-62.5,49017.0,13.4,101.4,1188.0
Архангельская область,СЗФО,2016,324.7,24671.0,7.4,-61.2,52615.0,12.6,104.7,1179.6
Архангельская область,СЗФО,2017,344.4,26088.0,7.2,-56.5,54854.0,10.6,105.4,1168.9
Архангельская область,СЗФО,2018,353.7,27447.0,7.0,-57.2,57655.0,9.6,107.8,1164.5
Архангельская область,СЗФО,2019,362.4,28533.0,6.7,-52.2,60413.0,9.0,106.2,1157.3
Архангельская область,СЗФО,2020,370.4,28621.0,7.3,-53.4,64462.0,7.4,107.3,1151.8
Архангельская область,СЗФО,2021,390.4,30232.0,7.0,-55.8,71835.0,7.1,112.8,1141.3
Архангельская область,СЗФО,2022,404.5,31477.0,7.0,-62.3,77114.0,10.1,114.1,1138.3
Архангельская область,СЗФО,2023,425.9,33854.0,6.7,-62.9,82429.0,7.7,115.8,1133.1
Ненецкий АО,СЗФО,2010,3200.0,51000.0,7.2,-30.0,42000.0,13.1,800.0,42.0
Ненецкий АО,СЗФО,2011,3404.5,52635.0,7.0,-34.8,43447.0,11.9,800.1,41.9
Ненецкий АО,СЗФО,2012,3648.2,54363.0,6.9,-34.7,45356.0,12.3,796.5,41.6
Ненецкий АО,СЗФО,2013,3821.9,58317.0,6.5,-37.6,46991.0,12.4,815.0,41.5
Ненецкий АО,СЗФО,2014,3941.4,60264.0,6.5,-37.8,48564.0,12.5,822.2,41.3
Ненецкий АО,СЗФО,2015,3867.7,60403.0,6.9,-34.5,50775.0,13.4,822.2,41.1
Ненецкий АО,СЗФО,2016,4000.8,62931.0,6.6,-30.5,53592.0,12.6,826.4,41.1
Ненецкий АО,СЗФО,2017,4123.3,64597.0,6.5,-36.4,56859.0,10.6,822.3,41.0
Ненецкий АО,СЗФО,2018,4210.4,68422.0,6.3,-34.4,59150.0,9.6,813.7,40.8
Ненецкий АО,СЗФО,2019,4417.2,73547.0,6.1,-37.1,59592.0,9.0,847.4,40.5
Ненецкий АО,СЗФО,2020,4443.4,75736.0,6.6,-42.1,64515.0,7.4,880.7,40.2
Ненецкий АО,СЗФО,2021,4682.6,79121.0,6.4,-40.9,65464.0,7.1,892.0,40.1
Ненецкий АО,СЗФО,2022,4821.2,82581.0,6.4,-45.1,67967.0,10.1,905.6,39.9
Ненецкий АО,СЗФО,2023,4963.2,86745.0,6.3,-48.6,72234.0,7.7,893.7,39.7
Вологодская область,СЗФО,2010,220.0,15200.0,7.8,-22.0,32000.0,13.1,70.0,1202.0
Вологодская область,СЗФО,2011,225.0,15830.0,7.5,-20.6,34730.0,11.9,69.9,1200.2
Вологодская область,СЗФО,2012,235.4,16503.0,7.4,-20.4,37861.0,12.3,73.7,1194.6
Вологодская область,СЗФО,2013,244.1,17436.0,7.2,-24.9,40469.0,12.4,77.1,1193.0
Вологодская область,СЗФО,2014,244.9,17859.0,7.7,-25.0,43111.0,12.5,81.7,1188.6
Вологодская область,СЗФО,2015,246.2,18194.0,8.1,-26.6,45405.0,13.4,86.2,1186.2
Вологодская область,СЗФО,2016,260.2,19296.0,7.7,-25.2,47535.0,12.6,86.8,1183.9
Вологодская область,СЗФО,2017,275.0,20668.0,7.3,-26.4,50382.0,10.6,89.6,1181.2
Вологодская область,СЗФО,2018,292.5,21625.0,7.1,-23.7,53328.0,9.6,88.5,1178.6
Вологодская область,СЗФО,2019,309.4,22720.0,6.9,-22.5,56536.0,9.0,88.9,1175.9
Вологодская область,СЗФО,2020,312.6,22542.0,7.4,-25.4,64342.0,7.4,89.7,1171.4
Вологодская область,СЗФО,2021,331.3,23863.0,7.2,-26.5,67814.0,7.1,93.6,1167.5
Вологодская область,СЗФО,2022,343.0,24252.0,7.3,-32.4,72361.0,10.1,92.4,1166.6
Вологодская область,СЗФО,2023,350.9,25123.0,7.1,-31.9,82621.0,7.7,93.8,1162.8
Калининградская область,СЗФО,2010,195.0,15600.0,8.5,40.0,36000.0,13.1,70.0,941.0
Калининградская область,СЗФО,2011,213.2,16620.0,8.3,37.1,37849.0,11.9,72.1,941.7
Калининградская область,СЗФО,2012,229.3,17773.0,8.0,34.3,40904.0,12.3,73.6,945.7
Калининградская область,СЗФО,2013,249.1,18596.0,7.7,34.1,43355.0,12.4,74.2,945.3
Калининградская область,СЗФО,2014,255.0,19265.0,7.7,32.6,47017.0,12.5,77.1,946.5
Калининградская область,СЗФО,2015,258.2,20186.0,8.1,32.1,52140.0,13.4,77.9,946.7
Калининградская область,СЗФО,2016,279.6,21998.0,8.0,32.9,55047.0,12.6,79.4,950.0
Калининградская область,СЗФО,2017,300.7,23648.0,7.9,32.2,57873.0,10.6,84.1,952.0
Калининградская область,СЗФО,2018,314.4,25459.0,7.8,31.2,63218.0,9.6,87.2,955.1
Калининградская область,СЗФО,2019,331.2,27234.0,7.5,30.8,68038.0,9.0,90.9,958.6
Калининградская область,СЗФО,2020,341.6,27721.0,8.0,27.8,79294.0,7.4,97.0,959.9
Калининградская область,СЗФО,2021,367.1,29578.0,7.6,25.4,87064.0,7.1,99.2,961.2
Калининградская область,СЗФО,2022,388.9,31569.0,7.6,22.8,97346.0,10.1,103.5,963.0
Калининградская область,СЗФО,2023,419.1,33277.0,7.3,22.9,111016.0,7.7,109.3,965.5
Мурманская область,СЗФО,2010,310.0,25200.0,7.8,-72.0,37000.0,13.1,100.0,795.0
Мурманская область,СЗФО,2011,330.7,27211.0,7.6,-69.8,38239.0,11.9,99.0,788.3
Мурманская область,СЗФО,2012,354.8,28112.0,7.6,-63.9,40708.0,12.3,99.6,781.3
Мурманская область,СЗФО,2013,369.5,29822.0,7.3,-69.6,42412.0,12.4,101.4,775.0
Мурманская область,СЗФО,2014,372.5,30506.0,7.5,-72.5,45819.0,12.5,100.7,768.3
Мурманская область,СЗФО,2015,375.9,30875.0,7.9,-77.3,48658.0,13.4,104.5,760.2
Мурманская область,СЗФО,2016,389.8,33566.0,7.5,-75.8,52363.0,12.6,103.6,754.5
Мурманская область,СЗФО,2017,412.7,35137.0,7.2,-82.5,54843.0,10.6,106.2,747.2
Мурманская область,СЗФО,2018,427.8,36971.0,7.0,-79.7,61024.0,9.6,109.0,741.2
Мурманская область,СЗФО,2019,452.0,39102.0,6.8,-82.5,66710.0,9.0,108.5,735.2
Мурманская область,СЗФО,2020,454.0,39626.0,7.5,-91.3,71924.0,7.4,112.6,728.2
Мурманская область,СЗФО,2021,467.7,41499.0,7.3,-95.4,78823.0,7.1,120.3,719.7
Мурманская область,СЗФО,2022,496.4,41890.0,7.4,-102.0,80739.0,10.1,127.1,712.7
Мурманская область,СЗФО,2023,521.2,44157.0,7.2,-104.8,89023.0,7.7,126.8,704.9
Новгородская область,СЗФО,2010,180.0,14600.0,6.5,-30.0,30000.0,13.1,50.0,634.0
Новгородская область,СЗФО,2011,187.8,15147.0,6.3,-29.9,32214.0,11.9,51.8,629.6
Новгородская область,СЗФО,2012,196.3,15895.0,6.2,-26.9,35937.0,12.3,51.6,627.7
Новгородская область,СЗФО,2013,211.6,16764.0,6.2,-23.6,38390.0,12.4,52.5,624.8
Новгородская область,СЗФО,2014,211.3,17208.0,6.4,-27.0,40042.0,12.5,53.4,622.5
Новгородская область,СЗФО,2015,210.9,17522.0,6.8,-26.4,40537.0,13.4,53.7,619.8
Новгородская область,СЗФО,2016,215.2,18535.0,6.5,-26.9,42423.0,12.6,53.4,616.8
Новгородская область,СЗФО,2017,218.5,19671.0,6.2,-27.5,46115.0,10.6,55.1,614.5
Новгородская область,СЗФО,2018,231.5,20821.0,6.1,-23.2,48164.0,9.6,56.2,613.3
Новгородская область,СЗФО,2019,245.9,21884.0,5.8,-19.0,52494.0,9.0,57.7,612.4
Новгородская область,СЗФО,2020,248.8,22160.0,6.5,-23.0,58813.0,7.4,59.3,612.8
Новгородская область,СЗФО,2021,262.0,23531.0,6.5,-23.7,63098.0,7.1,60.9,609.7
Новгородская область,СЗФО,2022,265.2,23985.0,6.5,-25.0,70053.0,10.1,60.3,606.7
Новгородская область,СЗФО,2023,280.6,25496.0,6.2,-22.3,76615.0,7.7,62.5,604.9
Псковская область,СЗФО,2010,138.0,13200.0,8.2,-35.0,28000.0,13.1,38.0,674.0
Псковская область,СЗФО,2011,142.3,13711.0,8.0,-39.1,30035.0,11.9,38.0,671.8
Псковская область,СЗФО,2012,146.7,14492.0,7.8,-38.3,32235.0,12.3,38.1,667.9
Псковская область,СЗФО,2013,151.7,14858.0,7.6,-39.1,34408.0,12.4,37.6,665.5
Псковская область,СЗФО,2014,153.8,15229.0,7.7,-39.7,37006.0,12.5,38.6,660.3
Псковская область,СЗФО,2015,155.2,15463.0,8.1,-43.1,38429.0,13.4,39.1,657.4
Псковская область,СЗФО,2016,166.4,16447.0,8.0,-41.9,39666.0,12.6,40.3,655.4
Псковская область,СЗФО,2017,180.0,17482.0,7.8,-41.9,42255.0,10.6,41.9,651.6
Псковская область,СЗФО,2018,193.5,18176.0,7.4,-40.8,46163.0,9.6,43.1,645.5
Псковская область,СЗФО,2019,205.0,19287.0,7.4,-42.3,48353.0,9.0,44.0,640.8
Псковская область,СЗФО,2020,213.5,20107.0,8.1,-49.5,53940.0,7.4,45.8,636.7
Псковская область,СЗФО,2021,229.8,21255.0,7.8,-50.5,59290.0,7.1,48.4,633.2
Псковская область,СЗФО,2022,239.5,21980.0,7.8,-62.1,66120.0,10.1,49.4,628.6
Псковская область,СЗФО,2023,247.1,23186.0,7.8,-63.5,72541.0,7.7,52.1,623.7
Республика Адыгея,ЮФО,2010,110.0,12800.0,9.0,10.0,24000.0,13.1,40.0,440.0
Республика Адыгея,ЮФО,2011,115.8,13600.0,8.8,11.9,25291.0,11.9,40.2,439.4
Республика Адыгея,ЮФО,2012,124.4,14306.0,8.5,13.3,27198.0,12.3,42.0,439.1
Республика Адыгея,ЮФО,2013,131.5,15127.0,8.1,11.8,28667.0,12.4,43.0,438.9
Республика Адыгея,ЮФО,2014,134.7,15669.0,8.3,7.8,30636.0,12.5,44.7,437.8
Республика Адыгея,ЮФО,2015,133.5,15851.0,8.4,3.5,32550.0,13.4,45.2,437.8
Республика Адыгея,ЮФО,2016,142.8,16690.0,8.2,0.9,34541.0,12.6,45.6,437.9
Республика Адыгея,ЮФО,2017,147.3,17615.0,8.3,2.0,37181.0,10.6,47.1,436.7
Республика Адыгея,ЮФО,2018,155.9,18274.0,8.1,0.3,39720.0,9.6,47.6,436.2
Республика Адыгея,ЮФО,2019,163.7,19775.0,8.0,1.8,42227.0,9.0,50.8,436.1
Республика Адыгея,ЮФО,2020,169.3,19862.0,8.5,-7.5,47494.0,7.4,53.1,435.6
Республика Адыгея,ЮФО,2021,182.8,21038.0,8.1,-10.2,53715.0,7.1,54.2,436.0
Республика Адыгея,ЮФО,2022,189.2,21776.0,8.3,-14.7,61145.0,10.1,57.5,435.4
Республика Адыгея,ЮФО,2023,205.0,22759.0,8.0,-17.2,67983.0,7.7,57.8,433.7
Республика Калмыкия,ЮФО,2010,85.0,8800.0,14.2,-38.0,21000.0,13.1,28.0,289.0
Республика Калмыкия,ЮФО,2011,88.5,9332.0,14.0,-39.5,21563.0,11.9,28.6,287.2
Республика Калмыкия,ЮФО,2012,92.6,9938.0,13.7,-42.8,22729.0,12.3,28.9,286.0
Республика Калмыкия,ЮФО,2013,97.8,10396.0,13.4,-39.2,23465.0,12.4,28.9,284.3
Республика Калмыкия,ЮФО,2014,100.3,10430.0,13.1,-44.0,24350.0,12.5,29.4,282.4
Республика Калмыкия,ЮФО,2015,100.5,10489.0,13.2,-45.6,24423.0,13.4,28.7,279.4
Республика Калмыкия,ЮФО,2016,104.8,10944.0,12.9,-45.2,26356.0,12.6,29.0,276.6
Республика Калмыкия,ЮФО,2017,111.3,11521.0,12.1,-40.0,27955.0,10.6,31.8,275.1
Республика Калмыкия,ЮФО,2018,117.3,12091.0,11.8,-44.5,29104.0,9.6,32.0,274.0
Республика Калмыкия,ЮФО,2019,122.4,12523.0,11.4,-43.5,30284.0,9.0,33.5,272.1
Республика Калмыкия,ЮФО,2020,126.1,12860.0,11.9,-48.2,34056.0,7.4,34.0,271.4
Республика Калмыкия,ЮФО,2021,133.9,13471.0,11.6,-48.5,37705.0,7.1,34.6,269.9
Республика Калмыкия,ЮФО,2022,139.8,14006.0,11.6,-49.9,40562.0,10.1,34.7,269.2
Республика Калмыкия,ЮФО,2023,146.3,14417.0,11.2,-48.0,44083.0,7.7,36.0,267.5
Республика Крым,ЮФО,2014,99.6,12949.0,6.0,26.6,29484.0,12.5,31.9,1919.5
Республика Крым,ЮФО,2015,104.8,13924.0,6.5,22.9,32395.0,13.4,35.2,1926.9
Республика Крым,ЮФО,2016,113.4,15165.0,6.2,26.6,35841.0,12.6,37.2,1929.1
Республика Крым,ЮФО,2017,125.4,16567.0,5.8,26.4,38680.0,10.6,39.9,1927.0
Республика Крым,ЮФО,2018,142.1,18423.0,5.6,28.0,43414.0,9.6,43.6,1931.3
Республика Крым,ЮФО,2019,156.9,20575.0,5.3,25.1,49336.0,9.0,46.8,1933.7
Республика Крым,ЮФО,2020,167.6,21656.0,6.0,20.3,59687.0,7.4,51.5,1935.9
Республика Крым,ЮФО,2021,184.6,23895.0,5.8,14.6,67527.0,7.1,55.3,1933.4
Республика Крым,ЮФО,2022,204.6,25931.0,5.7,13.9,76485.0,10.1,59.6,1933.1
Республика Крым,ЮФО,2023,229.6,28083.0,5.6,9.3,86225.0,7.7,62.8,1922.0
Краснодарский край,ЮФО,2010,190.0,17700.0,6.5,75.0,37000.0,13.1,85.0,5226.0
Краснодарский край,ЮФО,2011,206.9,19391.0,6.4,69.4,40323.0,11.9,88.3,5253.0
Краснодарский край,ЮФО,2012,224.1,21056.0,6.0,67.4,43903.0,12.3,92.6,5287.9
Краснодарский край,ЮФО,2013,238.4,22756.0,5.8,64.5,48725.0,12.4,96.3,5314.6
Краснодарский край,ЮФО,2014,252.1,24130.0,6.0,56.4,52969.0,12.5,101.4,5352.6
Краснодарский край,ЮФО,2015,257.3,25146.0,6.4,52.5,59661.0,13.4,103.3,5368.6
Краснодарский край,ЮФО,2016,285.2,26879.0,6.1,51.3,64898.0,12.6,108.6,5394.1
Краснодарский край,ЮФО,2017,306.4,28996.0,5.9,56.6,70632.0,10.6,110.4,5419.5
Краснодарский край,ЮФО,2018,332.1,31576.0,5.7,61.5,75722.0,9.6,119.5,5439.4
Краснодарский край,ЮФО,2019,368.4,34420.0,5.6,65.1,84216.0,9.0,125.8,5470.9
Краснодарский край,ЮФО,2020,374.6,35575.0,6.2,63.7,96118.0,7.4,132.6,5481.7
Краснодарский край,ЮФО,2021,393.5,38771.0,5.9,67.6,110367.0,7.1,140.1,5524.7
Краснодарский край,ЮФО,2022,415.7,41321.0,6.1,66.8,124907.0,10.1,149.3,5550.2
Краснодарский край,ЮФО,2023,440.2,44933.0,5.8,65.9,142504.0,7.7,150.5,5577.9
Астраханская область,ЮФО,2010,170.0,14600.0,9.0,-10.0,28000.0,13.1,75.0,1010.0
Астраханская область,ЮФО,2011,179.5,15523.0,8.9,-5.0,29565.0,11.9,75.2,1007.5
Астраханская область,ЮФО,2012,186.8,16551.0,8.7,-10.8,31114.0,12.3,76.4,1008.1
Астраханская область,ЮФО,2013,196.3,17457.0,8.2,-6.3,32922.0,12.4,77.8,1006.5
Астраханская область,ЮФО,2014,201.3,18342.0,8.2,-5.7,34185.0,12.5,80.0,1000.8
Астраханская область,ЮФО,2015,200.5,18530.0,8.5,-10.9,36549.0,13.4,82.2,998.8
Астраханская область,ЮФО,2016,207.7,19840.0,8.2,-14.0,38456.0,12.6,78.9,993.2
Астраханская область,ЮФО,2017,214.0,21058.0,7.9,-12.6,41847.0,10.6,80.8,990.0
Астраханская область,ЮФО,2018,222.4,22012.0,7.7,-12.9,42803.0,9.6,81.7,986.9
Астраханская область,ЮФО,2019,230.2,23503.0,7.3,-15.2,44176.0,9.0,84.5,981.6
Астраханская область,ЮФО,2020,232.7,24449.0,8.0,-23.5,48833.0,7.4,87.7,978.1
Астраханская область,ЮФО,2021,249.2,25544.0,7.9,-24.7,55998.0,7.1,90.9,976.1
Астраханская область,ЮФО,2022,254.1,26046.0,7.7,-29.8,59517.0,10.1,93.9,973.5
Астраханская область,ЮФО,2023,268.5,27682.0,7.4,-32.1,67872.0,7.7,93.9,971.0
Волгоградская область,ЮФО,2010,155.0,13900.0,8.0,-12.0,30000.0,13.1,55.0,2610.0
Волгоградская область,ЮФО,2011,163.9,14943.0,7.9,-9.8,31051.0,11.9,57.9,2614.1
Волгоградская область,ЮФО,2012,167.8,15740.0,7.6,-7.5,32430.0,12.3,59.8,2616.7
Волгоградская область,ЮФО,2013,178.0,16741.0,7.5,-5.2,33696.0,12.4,59.9,2612.5
Волгоградская область,ЮФО,2014,180.2,16968.0,7.4,-6.6,34953.0,12.5,63.3,2614.0
Волгоградская область,ЮФО,2015,176.3,17305.0,8.1,-14.6,37745.0,13.4,64.5,2613.9
Волгоградская область,ЮФО,2016,184.7,18513.0,7.9,-20.2,40363.0,12.6,64.7,2609.1
Волгоградская область,ЮФО,2017,194.8,19775.0,7.7,-22.8,43690.0,10.6,66.4,2596.9
Волгоградская область,ЮФО,2018,208.1,21322.0,7.4,-19.3,46091.0,9.6,67.7,2592.7
Волгоградская область,ЮФО,2019,224.9,22363.0,7.2,-20.0,48487.0,9.0,69.3,2580.4
Волгоградская область,ЮФО,2020,232.1,23193.0,7.9,-24.6,52753.0,7.4,72.5,2573.2
Волгоградская область,ЮФО,2021,240.5,24593.0,7.5,-20.1,55538.0,7.1,75.1,2563.7
Волгоградская область,ЮФО,2022,245.2,25459.0,7.6,-23.0,62311.0,10.1,72.7,2550.1
Волгоградская область,ЮФО,2023,263.9,26681.0,7.4,-25.9,66445.0,7.7,75.7,2542.1
Ростовская область,ЮФО,2010,155.0,14800.0,7.2,5.0,33000.0,13.1,60.0,4278.0
Ростовская область,ЮФО,2011,168.6,16038.0,7.2,5.0,36019.0,11.9,62.7,4265.7
Ростовская область,ЮФО,2012,181.6,17590.0,7.0,4.8,38111.0,12.3,64.6,4255.2
Ростовская область,ЮФО,2013,197.6,19345.0,6.6,5.6,41322.0,12.4,65.9,4262.7
Ростовская область,ЮФО,2014,206.5,20285.0,6.8,6.4,44101.0,12.5,66.9,4248.8
Ростовская область,ЮФО,2015,215.0,20980.0,7.1,2.9,48963.0,13.4,67.5,4251.3
Ростовская область,ЮФО,2016,236.2,22639.0,7.0,0.0,52623.0,12.6,68.7,4260.9
Ростовская область,ЮФО,2017,251.7,24686.0,6.7,-1.0,57605.0,10.6,71.1,4259.9
Ростовская область,ЮФО,2018,269.6,26226.0,6.3,0.4,62007.0,9.6,73.9,4247.5
Ростовская область,ЮФО,2019,283.5,27493.0,6.1,6.2,64565.0,9.0,74.6,4241.4
Ростовская область,ЮФО,2020,295.0,28672.0,6.6,5.6,71533.0,7.4,77.3,4257.0
Ростовская область,ЮФО,2021,310.8,30577.0,6.3,12.1,78957.0,7.1,81.1,4268.0
Ростовская область,ЮФО,2022,330.9,32488.0,6.3,10.7,86355.0,10.1,82.7,4271.1
Ростовская область,ЮФО,2023,349.8,34731.0,6.0,12.2,98962.0,7.7,89.3,4284.8
Севастополь,ЮФО,2014,96.3,14639.0,5.6,29.3,40001.0,12.5,27.0,391.8
Севастополь,ЮФО,2015,102.6,15482.0,6.0,25.1,45000.0,13.4,30.3,394.1
Севастополь,ЮФО,2016,112.5,16918.0,5.8,21.2,50700.0,12.6,33.2,394.1
Севастополь,ЮФО,2017,123.7,18592.0,5.5,24.4,57779.0,10.6,36.0,394.9
Севастополь,ЮФО,2018,140.2,20561.0,5.5,26.0,66728.0,9.6,39.1,395.5
Севастополь,ЮФО,2019,160.9,22858.0,5.2,26.9,76268.0,9.0,41.0,396.2
Севастополь,ЮФО,2020,171.6,24431.0,5.7,21.5,92134.0,7.4,44.8,396.3
Севастополь,ЮФО,2021,189.3,26720.0,5.5,12.7,106662.0,7.1,48.1,398.0
Севастополь,ЮФО,2022,204.8,28810.0,5.7,9.2,122619.0,10.1,53.6,398.9
Севастополь,ЮФО,2023,222.8,31535.0,5.5,8.9,144554.0,7.7,57.2,398.8
Республика Дагестан,СКФО,2010,82.0,15100.0,14.8,-45.0,24000.0,13.1,38.0,2910.0
Республика Дагестан,СКФО,2011,85.5,16018.0,13.9,-41.5,25020.0,11.9,39.8,2903.1
Республика Дагестан,СКФО,2012,90.3,16604.0,13.3,-43.1,26578.0,12.3,40.9,2896.5
Республика Дагестан,СКФО,2013,96.6,17569.0,12.8,-41.6,27530.0,12.4,41.8,2878.5
Республика Дагестан,СКФО,2014,100.1,18851.0,12.7,-44.7,29938.0,12.5,42.9,2870.1
Республика Дагестан,СКФО,2015,99.9,19374.0,12.7,-46.7,32066.0,13.4,43.7,2854.4
Республика Дагестан,СКФО,2016,106.7,20597.0,12.6,-51.9,35148.0,12.6,44.1,2839.2
Республика Дагестан,СКФО,2017,113.9,21829.0,11.8,-50.4,37928.0,10.6,46.5,2807.9
Республика Дагестан,СКФО,2018,118.9,23813.0,11.4,-44.2,40111.0,9.6,46.7,2782.3
Республика Дагестан,СКФО,2019,124.1,25938.0,10.9,-37.9,44513.0,9.0,47.9,2777.9
Республика Дагестан,СКФО,2020,128.9,26659.0,11.4,-38.6,48973.0,7.4,49.1,2770.7
Республика Дагестан,СКФО,2021,139.4,28632.0,10.9,-38.7,54413.0,7.1,52.0,2754.2
Республика Дагестан,СКФО,2022,145.6,30929.0,10.8,-42.3,57594.0,10.1,53.4,2740.3
Республика Дагестан,СКФО,2023,154.9,32793.0,10.7,-42.2,61916.0,7.7,56.3,2727.2
Республика Ингушетия,СКФО,2010,44.0,9100.0,49.0,-15.0,22000.0,13.1,10.0,413.0
Республика Ингушетия,СКФО,2011,46.8,9751.0,47.8,-14.4,22963.0,11.9,10.6,410.9
Республика Ингушетия,СКФО,2012,49.8,10232.0,45.6,-8.0,23803.0,12.3,10.7,411.3
Республика Ингушетия,СКФО,2013,54.3,10687.0,43.7,-10.8,25029.0,12.4,10.7,411.5
Республика Ингушетия,СКФО,2014,55.5,11244.0,41.7,-9.0,26598.0,12.5,11.5,411.7
Республика Ингушетия,СКФО,2015,55.1,11580.0,40.6,-14.2,28115.0,13.4,11.8,412.5
Республика Ингушетия,СКФО,2016,58.4,12390.0,40.0,-18.2,29054.0,12.6,11.9,411.0
Республика Ингушетия,СКФО,2017,61.9,13151.0,39.2,-16.0,30397.0,10.6,12.3,409.1
Республика Ингушетия,СКФО,2018,65.4,14140.0,38.3,-22.0,32488.0,9.6,12.3,407.9
Республика Ингушетия,СКФО,2019,71.3,14818.0,36.2,-23.9,33544.0,9.0,12.9,407.0
Республика Ингушетия,СКФО,2020,72.6,15193.0,36.1,-29.9,37131.0,7.4,13.4,405.9
Республика Ингушетия,СКФО,2021,77.5,16009.0,35.0,-32.3,40499.0,7.1,13.5,403.2
Республика Ингушетия,СКФО,2022,80.7,16786.0,34.4,-35.0,43907.0,10.1,14.0,400.9
Республика Ингушетия,СКФО,2023,86.0,17795.0,34.5,-36.1,46110.0,7.7,14.4,398.5
Кабардино-Балкарская Респ.,СКФО,2010,80.0,10400.0,12.8,-22.0,22000.0,13.1,22.0,859.0
Кабардино-Балкарская Респ.,СКФО,2011,85.2,11182.0,12.5,-22.4,22733.0,11.9,23.0,856.8
Кабардино-Балкарская Респ.,СКФО,2012,91.7,11977.0,12.1,-22.2,23546.0,12.3,24.0,854.2
Кабардино-Балкарская Респ.,СКФО,2013,97.0,12877.0,11.7,-21.7,24917.0,12.4,24.1,853.6
Кабардино-Балкарская Респ.,СКФО,2014,100.6,13240.0,11.9,-24.1,27725.0,12.5,24.9,851.7
Кабардино-Балкарская Респ.,СКФО,2015,102.6,13670.0,12.1,-28.8,30010.0,13.4,26.1,849.2
Кабардино-Балкарская Респ.,СКФО,2016,110.3,14451.0,11.5,-31.4,32489.0,12.6,27.6,845.5
Кабардино-Балкарская Респ.,СКФО,2017,117.4,15222.0,11.2,-35.7,35369.0,10.6,28.6,839.4
Кабардино-Балкарская Респ.,СКФО,2018,125.0,15723.0,11.4,-28.7,38251.0,9.6,29.3,835.8
Кабардино-Балкарская Респ.,СКФО,2019,132.3,16865.0,10.8,-30.6,41927.0,9.0,29.2,833.4
Кабардино-Балкарская Респ.,СКФО,2020,137.0,17563.0,11.4,-38.1,45174.0,7.4,28.6,826.5
Кабардино-Балкарская Респ.,СКФО,2021,147.0,18590.0,11.0,-42.1,49591.0,7.1,29.3,821.0
Кабардино-Балкарская Респ.,СКФО,2022,153.4,19350.0,10.5,-45.6,52822.0,10.1,30.0,819.1
Кабардино-Балкарская Респ.,СКФО,2023,161.2,20592.0,10.1,-51.5,60862.0,7.7,30.6,814.2
Карачаево-Черкесская Респ.,СКФО,2010,85.0,10800.0,11.5,-30.0,20000.0,13.1,20.0,478.0
Карачаево-Черкесская Респ.,СКФО,2011,89.6,11445.0,11.0,-27.5,21135.0,11.9,20.4,476.4
Карачаево-Черкесская Респ.,СКФО,2012,94.1,11990.0,10.6,-24.5,22771.0,12.3,21.0,474.3
Карачаево-Черкесская Респ.,СКФО,2013,97.7,12593.0,10.0,-28.2,23062.0,12.4,21.6,470.5
Карачаево-Черкесская Респ.,СКФО,2014,99.4,13058.0,9.8,-28.8,24057.0,12.5,21.5,468.3
Карачаево-Черкесская Респ.,СКФО,2015,99.6,13147.0,10.2,-33.1,25351.0,13.4,22.5,466.6
Карачаево-Черкесская Респ.,СКФО,2016,104.2,13937.0,9.9,-36.0,26446.0,12.6,22.9,463.5
Карачаево-Черкесская Респ.,СКФО,2017,107.1,14489.0,9.5,-34.5,27092.0,10.6,23.4,461.5
Карачаево-Черкесская Респ.,СКФО,2018,109.1,15480.0,9.3,-37.1,28908.0,9.6,23.3,459.4
Карачаево-Черкесская Респ.,СКФО,2019,112.4,16055.0,8.9,-40.6,30121.0,9.0,23.7,456.7
Карачаево-Черкесская Респ.,СКФО,2020,115.0,16499.0,9.6,-49.1,33387.0,7.4,23.8,454.7
Карачаево-Черкесская Респ.,СКФО,2021,121.6,17447.0,9.1,-52.1,36503.0,7.1,24.7,451.5
Карачаево-Черкесская Респ.,СКФО,2022,125.8,17913.0,9.0,-53.1,40226.0,10.1,24.9,447.6
Карачаево-Черкесская Респ.,СКФО,2023,133.8,19236.0,8.5,-54.7,44063.0,7.7,25.3,445.2
Респ. Северная Осетия,СКФО,2010,100.0,12000.0,10.0,-18.0,24000.0,13.1,25.0,712.0
Респ. Северная Осетия,СКФО,2011,104.2,12664.0,9.8,-20.2,25363.0,11.9,25.0,709.6
Респ. Северная Осетия,СКФО,2012,109.7,13297.0,9.4,-22.4,26881.0,12.3,25.6,707.7
Респ. Северная Осетия,СКФО,2013,119.2,14118.0,9.2,-25.6,29062.0,12.4,25.6,703.1
Респ. Северная Осетия,СКФО,2014,121.2,14876.0,9.0,-28.2,31391.0,12.5,26.4,701.0
Респ. Северная Осетия,СКФО,2015,122.4,14803.0,9.4,-37.8,32681.0,13.4,27.1,697.6
Респ. Северная Осетия,СКФО,2016,130.0,15851.0,9.0,-43.6,35122.0,12.6,28.2,693.3
Респ. Северная Осетия,СКФО,2017,139.9,17083.0,8.8,-45.2,37759.0,10.6,29.3,689.3
Респ. Северная Осетия,СКФО,2018,152.0,17903.0,8.7,-49.4,41317.0,9.6,29.9,686.0
Респ. Северная Осетия,СКФО,2019,159.3,18655.0,8.3,-53.9,43987.0,9.0,31.4,681.5
Респ. Северная Осетия,СКФО,2020,163.6,19307.0,9.1,-58.3,48647.0,7.4,32.2,676.7
Респ. Северная Осетия,СКФО,2021,172.7,20383.0,8.7,-57.7,55461.0,7.1,33.4,673.1
Респ. Северная Осетия,СКФО,2022,181.8,21367.0,8.8,-65.7,60759.0,10.1,34.6,667.8
Респ. Северная Осетия,СКФО,2023,193.8,22984.0,8.5,-63.0,66454.0,7.7,33.9,663.6
Чеченская Республика,СКФО,2010,57.0,14000.0,43.0,-70.0,26000.0,13.1,35.0,1269.0
Чеченская Республика,СКФО,2011,60.7,14750.0,43.1,-68.3,28107.0,11.9,35.7,1257.6
Чеченская Республика,СКФО,2012,64.4,15765.0,41.9,-70.5,29930.0,12.3,37.9,1252.2
Чеченская Республика,СКФО,2013,68.9,17024.0,40.9,-76.2,31636.0,12.4,39.6,1246.5
Чеченская Республика,СКФО,2014,72.9,17766.0,40.0,-77.1,33104.0,12.5,41.4,1236.4
Чеченская Республика,СКФО,2015,74.7,18567.0,40.2,-75.2,35824.0,13.4,42.1,1234.0
Чеченская Республика,СКФО,2016,78.6,19924.0,38.7,-69.4,36735.0,12.6,44.2,1222.3
Чеченская Республика,СКФО,2017,82.0,21198.0,36.3,-69.3,37754.0,10.6,46.5,1207.5
Чеченская Республика,СКФО,2018,87.3,23130.0,35.2,-69.3,40688.0,9.6,47.4,1199.1
Чеченская Республика,СКФО,2019,91.5,24925.0,33.9,-67.4,41181.0,9.0,48.6,1189.9
Чеченская Республика,СКФО,2020,92.9,25563.0,33.4,-73.8,45779.0,7.4,50.4,1182.1
Чеченская Республика,СКФО,2021,99.3,28065.0,32.8,-75.8,49121.0,7.1,50.4,1171.2
Чеченская Республика,СКФО,2022,103.7,29994.0,31.3,-83.3,55107.0,10.1,53.2,1154.1
Чеченская Республика,СКФО,2023,112.6,32292.0,30.0,-82.7,60102.0,7.7,55.2,1145.2
Ставропольский край,СКФО,2010,120.0,13200.0,6.2,10.0,26000.0,13.1,45.0,2786.0
Ставропольский край,СКФО,2011,127.8,14282.0,6.3,9.7,27589.0,11.9,46.9,2788.1
Ставропольский край,СКФО,2012,133.9,15315.0,6.0,10.3,29792.0,12.3,48.4,2796.3
Ставропольский край,СКФО,2013,142.9,16576.0,5.8,7.5,31726.0,12.4,50.5,2797.4
Ставропольский край,СКФО,2014,144.8,17250.0,5.9,8.6,34076.0,12.5,52.3,2800.8
Ставропольский край,СКФО,2015,144.2,17392.0,6.3,4.5,36355.0,13.4,53.3,2788.8
Ставропольский край,СКФО,2016,152.0,18541.0,6.3,-1.2,39393.0,12.6,54.0,2793.0
Ставропольский край,СКФО,2017,160.6,20044.0,6.0,-4.5,42218.0,10.6,56.8,2796.9
Ставропольский край,СКФО,2018,169.9,21504.0,5.9,-6.3,46289.0,9.6,57.2,2791.6
Ставропольский край,СКФО,2019,180.3,22595.0,5.8,-6.5,48758.0,9.0,60.4,2788.4
Ставропольский край,СКФО,2020,184.6,23833.0,6.5,-13.8,53245.0,7.4,62.4,2791.8
Ставропольский край,СКФО,2021,200.5,25387.0,6.3,-16.9,58885.0,7.1,61.7,2780.9
Ставропольский край,СКФО,2022,211.2,26687.0,6.2,-15.5,66981.0,10.1,62.1,2770.9
Ставропольский край,СКФО,2023,223.1,28556.0,6.0,-16.7,76379.0,7.7,65.4,2763.2
Республика Башкортостан,ПФО,2010,200.0,16700.0,8.5,-10.0,35000.0,13.1,80.0,4072.0
Республика Башкортостан,ПФО,2011,214.8,17703.0,8.3,-9.1,37914.0,11.9,85.0,4051.9
Республика Башкортостан,ПФО,2012,218.7,18853.0,8.1,-9.2,40491.0,12.3,86.4,4053.2
Республика Башкортостан,ПФО,2013,232.2,19805.0,7.9,-10.7,44183.0,12.4,88.5,4039.6
Республика Башкортостан,ПФО,2014,239.0,20576.0,7.7,-14.0,47729.0,12.5,90.5,4037.1
Республика Башкортостан,ПФО,2015,239.6,20876.0,7.9,-17.5,52078.0,13.4,91.7,4023.3
Республика Башкортостан,ПФО,2016,250.3,22082.0,7.7,-12.0,56271.0,12.6,94.3,4011.7
Республика Башкортостан,ПФО,2017,266.4,23264.0,7.4,-10.9,59191.0,10.6,95.8,4022.1
Республика Башкортостан,ПФО,2018,279.4,24537.0,7.2,-7.1,63254.0,9.6,99.3,3995.7
Республика Башкортостан,ПФО,2019,285.5,25854.0,6.7,-5.4,69167.0,9.0,98.9,3991.6
Республика Башкортостан,ПФО,2020,288.8,26269.0,7.2,-8.9,74855.0,7.4,101.9,3963.2
Республика Башкортостан,ПФО,2021,301.0,27760.0,6.8,-8.8,83873.0,7.1,106.5,3960.2
Республика Башкортостан,ПФО,2022,310.4,28949.0,6.9,-12.8,88779.0,10.1,104.2,3962.1
Республика Башкортостан,ПФО,2023,331.6,31374.0,6.7,-17.5,99037.0,7.7,107.8,3962.0
Республика Марий Эл,ПФО,2010,115.0,10100.0,8.0,-18.0,25000.0,13.1,35.0,696.0
Республика Марий Эл,ПФО,2011,122.8,10505.0,7.7,-13.6,25875.0,11.9,37.0,694.2
Республика Марий Эл,ПФО,2012,126.6,11255.0,7.5,-18.3,27104.0,12.3,38.6,692.5
Республика Марий Эл,ПФО,2013,138.6,12001.0,7.3,-17.6,28697.0,12.4,40.5,689.1
Республика Марий Эл,ПФО,2014,143.0,12621.0,7.4,-22.3,29910.0,12.5,42.9,688.4
Республика Марий Эл,ПФО,2015,143.4,12960.0,7.8,-24.4,31520.0,13.4,44.0,683.5
Республика Марий Эл,ПФО,2016,149.4,13891.0,7.4,-27.7,33323.0,12.6,44.8,678.1
Республика Марий Эл,ПФО,2017,158.2,14619.0,7.2,-21.4,34639.0,10.6,46.0,673.9
Республика Марий Эл,ПФО,2018,170.6,15677.0,7.0,-20.8,36145.0,9.6,47.5,673.9
Республика Марий Эл,ПФО,2019,182.5,16719.0,6.7,-17.2,37984.0,9.0,47.4,670.0
Республика Марий Эл,ПФО,2020,184.6,17216.0,7.3,-26.3,41327.0,7.4,47.9,666.6
Республика Марий Эл,ПФО,2021,191.9,17900.0,7.0,-27.7,44230.0,7.1,50.0,664.1
Республика Марий Эл,ПФО,2022,200.8,18680.0,6.9,-28.3,48203.0,10.1,52.5,662.1
Республика Марий Эл,ПФО,2023,212.8,19775.0,6.6,-25.2,54907.0,7.7,52.8,659.0
Республика Мордовия,ПФО,2010,120.0,10600.0,5.5,-25.0,27000.0,13.1,45.0,834.0
Республика Мордовия,ПФО,2011,130.4,11182.0,5.4,-24.4,29010.0,11.9,45.2,831.9
Республика Мордовия,ПФО,2012,136.9,11616.0,5.2,-21.6,31060.0,12.3,44.6,829.6
Республика Мордовия,ПФО,2013,149.4,12465.0,5.0,-26.3,32493.0,12.4,45.8,825.0
Республика Мордовия,ПФО,2014,152.3,12632.0,5.1,-27.1,34475.0,12.5,46.9,823.3
Республика Мордовия,ПФО,2015,153.9,12805.0,5.5,-32.6,36976.0,13.4,48.9,820.5
Республика Мордовия,ПФО,2016,166.1,13476.0,5.4,-34.6,40839.0,12.6,49.7,817.2
Республика Мордовия,ПФО,2017,171.4,14191.0,5.3,-32.7,42344.0,10.6,51.3,809.9
Республика Мордовия,ПФО,2018,187.3,15095.0,5.2,-34.7,44188.0,9.6,52.9,806.6
Республика Мордовия,ПФО,2019,196.7,15923.0,5.0,-32.9,46196.0,9.0,52.8,803.9
Республика Мордовия,ПФО,2020,204.7,16436.0,5.6,-40.6,50907.0,7.4,55.2,798.7
Республика Мордовия,ПФО,2021,220.1,17524.0,5.4,-41.0,57260.0,7.1,55.8,796.0
Республика Мордовия,ПФО,2022,227.3,18322.0,5.5,-48.2,64353.0,10.1,56.6,787.7
Республика Мордовия,ПФО,2023,243.1,19483.0,5.1,-44.1,69000.0,7.7,57.8,781.7
Республика Татарстан,ПФО,2010,265.0,18900.0,5.3,15.0,34000.0,13.1,120.0,3787.0
Республика Татарстан,ПФО,2011,290.3,20004.0,5.1,15.3,35888.0,11.9,126.6,3785.4
Республика Татарстан,ПФО,2012,305.1,20832.0,4.9,17.4,38935.0,12.3,131.1,3797.0
Республика Татарстан,ПФО,2013,328.2,22199.0,4.7,19.1,42470.0,12.4,133.6,3805.6
Республика Татарстан,ПФО,2014,333.8,23065.0,4.9,21.5,45062.0,12.5,140.3,3807.0
Республика Татарстан,ПФО,2015,339.9,24019.0,5.4,15.1,48956.0,13.4,150.7,3799.9
Республика Татарстан,ПФО,2016,358.6,25905.0,5.3,18.6,54129.0,12.6,163.7,3798.8
Республика Татарстан,ПФО,2017,380.5,28001.0,5.2,19.5,58948.0,10.6,171.9,3812.2
Республика Татарстан,ПФО,2018,419.0,30157.0,5.0,21.8,64741.0,9.6,181.9,3806.0
Республика Татарстан,ПФО,2019,459.6,31805.0,4.9,21.7,70320.0,9.0,187.3,3798.3
Республика Татарстан,ПФО,2020,484.6,32782.0,5.6,13.8,80020.0,7.4,196.3,3797.2
Республика Татарстан,ПФО,2021,530.0,35782.0,5.2,10.2,87281.0,7.1,210.0,3790.0
Республика Татарстан,ПФО,2022,547.7,37707.0,5.3,7.0,97550.0,10.1,221.7,3795.4
Республика Татарстан,ПФО,2023,581.0,40859.0,5.1,4.3,108635.0,7.7,227.9,3790.1
Удмуртская Республика,ПФО,2010,175.0,13100.0,8.2,-15.0,30000.0,13.1,55.0,1521.0
Удмуртская Республика,ПФО,2011,184.7,13736.0,8.0,-8.8,31490.0,11.9,57.2,1521.7
Удмуртская Республика,ПФО,2012,197.3,14318.0,7.7,-8.3,33889.0,12.3,58.2,1521.8
Удмуртская Республика,ПФО,2013,208.7,15017.0,7.5,-9.2,36456.0,12.4,58.5,1518.2
Удмуртская Республика,ПФО,2014,215.0,15405.0,7.5,-10.1,40147.0,12.5,57.5,1517.3
Удмуртская Республика,ПФО,2015,214.1,15665.0,8.0,-10.6,42905.0,13.4,58.2,1517.3
Удмуртская Республика,ПФО,2016,221.6,16590.0,7.8,-12.2,45206.0,12.6,58.1,1515.9
Удмуртская Республика,ПФО,2017,228.9,17948.0,7.7,-13.9,47059.0,10.6,59.5,1514.9
Удмуртская Республика,ПФО,2018,235.9,19356.0,7.4,-11.5,49897.0,9.6,59.8,1509.8
Удмуртская Республика,ПФО,2019,245.0,20463.0,7.1,-9.0,51646.0,9.0,63.2,1507.6
Удмуртская Республика,ПФО,2020,245.8,21038.0,7.9,-10.9,57571.0,7.4,64.1,1508.0
Удмуртская Республика,ПФО,2021,253.9,22137.0,7.4,-10.9,63546.0,7.1,66.0,1505.3
Удмуртская Республика,ПФО,2022,266.3,23112.0,7.5,-10.0,71134.0,10.1,66.9,1506.8
Удмуртская Республика,ПФО,2023,278.6,24397.0,7.1,-9.8,80283.0,7.7,69.1,1497.8
Чувашская Республика,ПФО,2010,110.0,10200.0,8.8,-15.0,26000.0,13.1,32.0,1252.0
Чувашская Республика,ПФО,2011,115.7,10819.0,8.2,-15.0,27389.0,11.9,33.7,1248.6
Чувашская Республика,ПФО,2012,121.8,11706.0,8.0,-11.3,28517.0,12.3,35.1,1244.3
Чувашская Республика,ПФО,2013,127.7,12572.0,7.7,-10.1,30486.0,12.4,35.0,1243.9
Чувашская Республика,ПФО,2014,130.0,12603.0,7.5,-20.6,32653.0,12.5,35.1,1242.3
Чувашская Республика,ПФО,2015,131.1,12790.0,8.1,-27.8,35574.0,13.4,36.6,1237.9
Чувашская Республика,ПФО,2016,135.6,13520.0,7.8,-25.9,37521.0,12.6,38.1,1235.2
Чувашская Республика,ПФО,2017,148.4,14277.0,7.5,-21.5,39023.0,10.6,39.3,1230.6
Чувашская Республика,ПФО,2018,156.0,15048.0,7.2,-16.5,41959.0,9.6,40.3,1225.3
Чувашская Республика,ПФО,2019,165.4,16075.0,6.9,-14.0,43025.0,9.0,41.9,1220.0
Чувашская Республика,ПФО,2020,171.9,16748.0,7.4,-20.7,47924.0,7.4,43.3,1220.4
Чувашская Республика,ПФО,2021,179.3,17895.0,7.0,-22.2,52112.0,7.1,43.6,1216.3
Чувашская Республика,ПФО,2022,189.0,18707.0,7.1,-22.4,56970.0,10.1,44.7,1213.1
Чувашская Республика,ПФО,2023,197.3,19485.0,6.9,-22.7,63345.0,7.7,46.5,1212.6
Пермский край,ПФО,2010,230.0,18500.0,7.8,-15.0,35000.0,13.1,85.0,2635.0
Пермский край,ПФО,2011,247.3,19601.0,7.6,-13.9,36994.0,11.9,88.4,2629.1
Пермский край,ПФО,2012,262.0,21372.0,7.4,-10.9,40522.0,12.3,92.2,2626.3
Пермский край,ПФО,2013,277.8,22572.0,7.2,-12.4,43288.0,12.4,88.8,2628.8
Пермский край,ПФО,2014,285.7,23113.0,7.3,-13.5,46272.0,12.5,89.4,2628.2
Пермский край,ПФО,2015,284.3,23530.0,7.8,-15.0,48159.0,13.4,93.2,2622.4
Пермский край,ПФО,2016,303.2,25422.0,7.4,-17.6,51236.0,12.6,96.1,2615.7
Пермский край,ПФО,2017,326.8,26864.0,7.1,-16.7,54564.0,10.6,98.0,2600.9
Пермский край,ПФО,2018,353.0,28249.0,7.0,-14.7,59227.0,9.6,98.2,2596.5
Пермский край,ПФО,2019,368.6,30033.0,6.9,-12.3,61873.0,9.0,100.5,2590.7
Пермский край,ПФО,2020,373.5,31120.0,7.6,-17.4,68154.0,7.4,98.5,2591.2
Пермский край,ПФО,2021,377.0,33097.0,7.2,-9.1,76820.0,7.1,97.9,2584.6
Пермский край,ПФО,2022,387.8,33519.0,7.2,-13.5,85071.0,10.1,100.1,2581.0
Пермский край,ПФО,2023,403.3,35737.0,7.0,-12.0,89756.0,7.7,98.7,2575.0
Кировская область,ПФО,2010,125.0,12000.0,8.2,-30.0,28000.0,13.1,38.0,1341.0
Кировская область,ПФО,2011,129.9,12560.0,8.0,-25.7,28733.0,11.9,38.1,1335.1
Кировская область,ПФО,2012,137.9,12885.0,7.8,-26.5,30858.0,12.3,38.2,1333.7
Кировская область,ПФО,2013,142.9,13632.0,7.6,-29.0,32527.0,12.4,38.8,1328.5
Кировская область,ПФО,2014,145.4,14067.0,7.8,-34.2,34537.0,12.5,40.1,1325.2
Кировская область,ПФО,2015,142.5,14280.0,8.1,-38.6,37063.0,13.4,39.3,1317.2
Кировская область,ПФО,2016,152.6,14876.0,8.0,-39.0,38653.0,12.6,40.1,1313.8
Кировская область,ПФО,2017,161.5,15212.0,7.8,-46.9,40538.0,10.6,40.4,1313.0
Кировская область,ПФО,2018,170.9,16001.0,7.7,-44.0,43986.0,9.6,43.1,1306.3
Кировская область,ПФО,2019,179.1,16705.0,7.3,-44.2,45855.0,9.0,43.3,1294.8
Кировская область,ПФО,2020,182.9,17007.0,8.2,-45.2,50813.0,7.4,43.6,1285.1
Кировская область,ПФО,2021,190.3,17640.0,7.9,-42.3,55235.0,7.1,44.8,1280.9
Кировская область,ПФО,2022,193.4,18255.0,7.7,-41.4,62038.0,10.1,45.2,1275.4
Кировская область,ПФО,2023,200.5,18887.0,7.4,-41.5,66883.0,7.7,45.9,1264.5
Нижегородская область,ПФО,2010,210.0,16900.0,6.8,5.0,38000.0,13.1,75.0,3307.0
Нижегородская область,ПФО,2011,227.0,18214.0,6.5,3.9,40341.0,11.9,76.3,3309.2
Нижегородская область,ПФО,2012,246.2,19373.0,6.2,2.3,42169.0,12.3,79.6,3315.5
Нижегородская область,ПФО,2013,266.7,20768.0,6.1,1.2,43973.0,12.4,82.9,3321.5
Нижегородская область,ПФО,2014,282.2,22212.0,6.4,0.5,47339.0,12.5,87.1,3315.7
Нижегородская область,ПФО,2015,284.9,22882.0,6.9,-9.0,49345.0,13.4,90.1,3320.6
Нижегородская область,ПФО,2016,310.0,24349.0,6.8,-6.1,53373.0,12.6,93.6,3305.9
Нижегородская область,ПФО,2017,334.6,25989.0,6.8,-3.0,57204.0,10.6,95.7,3296.7
Нижегородская область,ПФО,2018,350.9,27679.0,6.7,-0.6,61740.0,9.6,99.8,3299.6
Нижегородская область,ПФО,2019,377.3,29123.0,6.5,0.9,65803.0,9.0,105.8,3294.5
Нижегородская область,ПФО,2020,385.6,30182.0,7.1,-6.9,73470.0,7.4,108.3,3298.0
Нижегородская область,ПФО,2021,421.5,32887.0,6.6,-11.3,82707.0,7.1,110.2,3281.9
Нижегородская область,ПФО,2022,442.8,34647.0,6.7,-14.5,88426.0,10.1,111.6,3274.2
Нижегородская область,ПФО,2023,485.4,36974.0,6.8,-20.8,98429.0,7.7,116.3,3268.6
Оренбургская область,ПФО,2010,225.0,13500.0,7.0,-18.0,28000.0,13.1,80.0,2033.0
Оренбургская область,ПФО,2011,238.3,14197.0,7.1,-15.6,29651.0,11.9,82.6,2024.4
Оренбургская область,ПФО,2012,248.6,14967.0,7.0,-19.4,30301.0,12.3,83.6,2022.6
Оренбургская область,ПФО,2013,262.9,15725.0,6.8,-19.4,32028.0,12.4,87.9,2015.7
Оренбургская область,ПФО,2014,268.1,16235.0,7.0,-20.2,32521.0,12.5,93.2,2009.8
Оренбургская область,ПФО,2015,264.5,16484.0,7.2,-26.3,33370.0,13.4,99.2,2001.4
Оренбургская область,ПФО,2016,283.1,17476.0,7.1,-24.7,34497.0,12.6,103.6,1997.3
Оренбургская область,ПФО,2017,307.9,19010.0,6.9,-23.2,36065.0,10.6,108.9,1983.9
Оренбургская область,ПФО,2018,322.5,19954.0,6.5,-23.2,38862.0,9.6,113.3,1981.8
Оренбургская область,ПФО,2019,337.6,21337.0,6.3,-26.9,41483.0,9.0,116.2,1970.0
Оренбургская область,ПФО,2020,347.5,21944.0,6.9,-28.7,45016.0,7.4,117.3,1962.1
Оренбургская область,ПФО,2021,369.0,23203.0,6.6,-27.9,49552.0,7.1,123.4,1950.0
Оренбургская область,ПФО,2022,383.2,23653.0,6.6,-28.8,55625.0,10.1,125.9,1944.5
Оренбургская область,ПФО,2023,396.3,25114.0,6.5,-21.8,61723.0,7.7,125.5,1938.3
Пензенская область,ПФО,2010,120.0,12300.0,6.5,-15.0,28000.0,13.1,42.0,1386.0
Пензенская область,ПФО,2011,127.4,12926.0,6.2,-9.9,28599.0,11.9,42.6,1382.9
Пензенская область,ПФО,2012,134.3,13848.0,6.0,-6.8,29635.0,12.3,43.1,1382.0
Пензенская область,ПФО,2013,142.9,14693.0,5.7,-6.7,31665.0,12.4,44.5,1376.7
Пензенская область,ПФО,2014,147.1,15175.0,5.7,-9.1,35269.0,12.5,45.7,1375.8
Пензенская область,ПФО,2015,151.8,15333.0,6.0,-13.4,36202.0,13.4,47.8,1372.3
Пензенская область,ПФО,2016,160.8,16387.0,5.9,-12.9,37850.0,12.6,48.9,1369.4
Пензенская область,ПФО,2017,171.6,17546.0,5.5,-12.8,40436.0,10.6,50.7,1367.6
Пензенская область,ПФО,2018,183.8,18444.0,5.4,-9.7,42297.0,9.6,51.5,1363.8
Пензенская область,ПФО,2019,197.5,19580.0,5.3,-8.7,44723.0,9.0,52.7,1367.5
Пензенская область,ПФО,2020,200.5,20257.0,6.0,-13.3,48695.0,7.4,53.3,1372.9
Пензенская область,ПФО,2021,208.9,21543.0,5.8,-10.9,51204.0,7.1,54.7,1372.7
Пензенская область,ПФО,2022,216.5,22173.0,5.7,-16.1,55466.0,10.1,56.6,1367.0
Пензенская область,ПФО,2023,235.7,23137.0,5.5,-15.5,58766.0,7.7,58.0,1362.3
Самарская область,ПФО,2010,240.0,18900.0,5.8,8.0,36000.0,13.1,90.0,3215.0
Самарская область,ПФО,2011,255.8,20284.0,5.6,5.2,37014.0,11.9,91.9,3224.6
Самарская область,ПФО,2012,268.6,21491.0,5.3,4.0,40045.0,12.3,93.3,3229.3
Самарская область,ПФО,2013,283.2,22549.0,5.1,4.4,43642.0,12.4,95.3,3232.5
Самарская область,ПФО,2014,301.6,23656.0,5.2,2.6,47780.0,12.5,97.0,3231.4
Самарская область,ПФО,2015,298.8,24022.0,5.7,0.5,51533.0,13.4,100.5,3226.0
Самарская область,ПФО,2016,314.3,25097.0,5.5,-2.3,57108.0,12.6,103.3,3241.0
Самарская область,ПФО,2017,327.8,26466.0,5.4,3.1,61614.0,10.6,107.5,3242.0
Самарская область,ПФО,2018,342.0,27967.0,5.1,6.7,66333.0,9.6,115.1,3242.1
Самарская область,ПФО,2019,367.1,29609.0,5.0,9.6,69780.0,9.0,120.2,3241.9
Самарская область,ПФО,2020,374.0,29874.0,5.6,3.0,77799.0,7.4,124.6,3238.3
Самарская область,ПФО,2021,391.6,31236.0,5.3,9.1,85217.0,7.1,126.2,3246.1
Самарская область,ПФО,2022,408.4,32610.0,5.4,3.4,97764.0,10.1,127.6,3236.6
Самарская область,ПФО,2023,441.3,35640.0,5.2,5.8,104893.0,7.7,133.1,3225.7
Саратовская область,ПФО,2010,140.0,12200.0,7.5,-12.0,28000.0,13.1,48.0,2522.0
Саратовская область,ПФО,2011,145.3,12944.0,7.4,-10.2,29299.0,11.9,49.5,2525.1
Саратовская область,ПФО,2012,153.5,13521.0,7.3,-5.5,31904.0,12.3,49.8,2523.5
Саратовская область,ПФО,2013,157.6,14174.0,7.1,-3.2,34713.0,12.4,50.6,2523.7
Саратовская область,ПФО,2014,161.1,14687.0,7.2,-6.0,36566.0,12.5,52.4,2525.6
Саратовская область,ПФО,2015,160.4,14793.0,7.6,-5.3,38171.0,13.4,52.3,2518.4
Саратовская область,ПФО,2016,168.9,15557.0,7.3,-5.9,40251.0,12.6,51.7,2517.1
Саратовская область,ПФО,2017,178.0,16253.0,7.1,-5.9,43591.0,10.6,52.9,2510.5
Саратовская область,ПФО,2018,187.5,17326.0,6.9,-5.1,44592.0,9.6,53.3,2512.7
Саратовская область,ПФО,2019,194.6,18256.0,6.6,-2.8,46784.0,9.0,53.4,2504.2
Саратовская область,ПФО,2020,199.4,18388.0,7.4,-8.6,50015.0,7.4,54.0,2489.8
Саратовская область,ПФО,2021,209.5,19635.0,7.3,-10.2,54679.0,7.1,55.2,2489.2
Саратовская область,ПФО,2022,212.7,19954.0,7.3,-14.1,59837.0,10.1,56.2,2479.6
Саратовская область,ПФО,2023,218.3,21497.0,7.3,-17.8,64873.0,7.7,56.6,2467.1
Ульяновская область,ПФО,2010,135.0,12600.0,7.7,-18.0,27000.0,13.1,40.0,1292.0
Ульяновская область,ПФО,2011,141.6,13425.0,7.2,-16.2,29043.0,11.9,42.8,1287.2
Ульяновская область,ПФО,2012,147.4,14125.0,7.1,-16.1,30226.0,12.3,45.1,1287.3
Ульяновская область,ПФО,2013,151.2,14733.0,6.9,-15.8,30644.0,12.4,45.3,1284.4
Ульяновская область,ПФО,2014,150.8,15452.0,6.8,-16.9,32639.0,12.5,46.8,1278.1
Ульяновская область,ПФО,2015,149.5,15825.0,7.2,-24.5,34660.0,13.4,46.9,1277.0
Ульяновская область,ПФО,2016,156.5,17000.0,6.9,-21.8,36353.0,12.6,47.2,1271.2
Ульяновская область,ПФО,2017,165.9,17937.0,6.6,-21.7,37011.0,10.6,47.6,1264.1
Ульяновская область,ПФО,2018,176.6,18993.0,6.5,-21.8,39092.0,9.6,49.1,1258.1
Ульяновская область,ПФО,2019,180.5,19966.0,6.2,-19.7,40926.0,9.0,50.1,1252.9
Ульяновская область,ПФО,2020,183.7,20821.0,6.8,-26.6,45189.0,7.4,50.9,1246.8
Ульяновская область,ПФО,2021,195.1,22012.0,6.6,-30.8,48524.0,7.1,53.7,1240.6
Ульяновская область,ПФО,2022,205.9,22562.0,6.6,-35.7,54430.0,10.1,56.2,1232.8
Ульяновская область,ПФО,2023,216.0,24105.0,6.2,-35.7,61459.0,7.7,56.4,1227.9
Курганская область,УФО,2010,120.0,12500.0,10.2,-50.0,26000.0,13.1,35.0,910.0
Курганская область,УФО,2011,124.2,13145.0,9.8,-51.5,28127.0,11.9,35.6,904.1
Курганская область,УФО,2012,132.3,13772.0,9.7,-45.6,29522.0,12.3,35.5,899.9
Курганская область,УФО,2013,137.8,14466.0,9.4,-44.3,29520.0,12.4,36.4,893.7
Курганская область,УФО,2014,138.2,14813.0,9.7,-45.0,31629.0,12.5,36.4,886.7
Курганская область,УФО,2015,136.3,14814.0,10.2,-46.4,31753.0,13.4,37.9,882.2
Курганская область,УФО,2016,138.8,15465.0,9.5,-47.1,33902.0,12.6,37.5,877.0
Курганская область,УФО,2017,144.6,16380.0,9.4,-51.7,36051.0,10.6,38.0,872.4
Курганская область,УФО,2018,151.8,16943.0,9.0,-49.4,36716.0,9.6,37.7,866.2
Курганская область,УФО,2019,155.9,17660.0,8.7,-49.8,39414.0,9.0,38.1,863.2
Курганская область,УФО,2020,155.5,18270.0,9.5,-57.9,42710.0,7.4,38.3,857.2
Курганская область,УФО,2021,164.0,19573.0,9.2,-59.0,49140.0,7.1,39.6,848.4
Курганская область,УФО,2022,168.3,20021.0,9.2,-63.5,55052.0,10.1,39.2,843.6
Курганская область,УФО,2023,171.3,21042.0,9.0,-66.7,61010.0,7.7,39.5,837.1
Свердловская область,УФО,2010,245.0,21100.0,7.6,5.0,42000.0,13.1,100.0,4297.0
Свердловская область,УФО,2011,265.1,22586.0,7.5,5.8,45986.0,11.9,106.0,4286.6
Свердловская область,УФО,2012,283.6,24012.0,7.1,-0.1,49323.0,12.3,109.2,4276.6
Свердловская область,УФО,2013,304.4,25277.0,7.0,4.9,53286.0,12.4,117.7,4277.7
Свердловская область,УФО,2014,321.4,26275.0,7.2,7.5,56807.0,12.5,115.5,4272.8
Свердловская область,УФО,2015,325.5,26746.0,7.4,5.7,61821.0,13.4,122.5,4269.9
Свердловская область,УФО,2016,348.9,28776.0,7.2,8.6,66515.0,12.6,126.9,4272.9
Свердловская область,УФО,2017,374.5,30320.0,7.0,10.6,71293.0,10.6,134.1,4288.2
Свердловская область,УФО,2018,407.0,32479.0,6.7,9.6,76209.0,9.6,132.1,4291.4
Свердловская область,УФО,2019,434.5,34619.0,6.6,14.8,79377.0,9.0,134.5,4292.7
Свердловская область,УФО,2020,453.2,36342.0,7.1,12.4,87962.0,7.4,140.6,4297.1
Свердловская область,УФО,2021,479.2,39216.0,6.9,13.1,102364.0,7.1,143.0,4305.2
Свердловская область,УФО,2022,481.1,41792.0,6.8,13.8,117778.0,10.1,143.2,4321.0
Свердловская область,УФО,2023,513.4,44762.0,6.5,11.4,131886.0,7.7,152.0,4330.3
Тюменская область,УФО,2010,350.0,22000.0,6.8,30.0,40000.0,13.1,200.0,1395.0
Тюменская область,УФО,2011,378.7,23350.0,6.6,25.6,42753.0,11.9,201.8,1395.8
Тюменская область,УФО,2012,392.7,25193.0,6.5,33.1,46401.0,12.3,200.4,1399.2
Тюменская область,УФО,2013,412.3,27870.0,6.4,37.1,48340.0,12.4,206.1,1404.0
Тюменская область,УФО,2014,420.8,28891.0,6.5,33.4,51370.0,12.5,207.6,1403.3
Тюменская область,УФО,2015,431.7,29499.0,6.9,25.2,53572.0,13.4,212.8,1406.8
Тюменская область,УФО,2016,450.4,32213.0,6.6,24.8,57923.0,12.6,217.0,1410.6
Тюменская область,УФО,2017,477.2,34378.0,6.4,18.6,62049.0,10.6,220.4,1414.6
Тюменская область,УФО,2018,508.1,36443.0,6.1,21.2,68914.0,9.6,227.1,1417.3
Тюменская область,УФО,2019,541.8,38794.0,5.9,15.4,74403.0,9.0,232.2,1416.8
Тюменская область,УФО,2020,571.5,39894.0,6.5,3.8,81902.0,7.4,236.6,1416.0
Тюменская область,УФО,2021,605.3,42612.0,6.2,2.1,91727.0,7.1,248.3,1414.1
Тюменская область,УФО,2022,642.1,44347.0,6.2,-1.8,100536.0,10.1,257.0,1408.8
Тюменская область,УФО,2023,684.4,47232.0,5.9,-2.0,113832.0,7.7,264.2,1403.7
Ханты-Мансийский АО,УФО,2010,1100.0,35000.0,5.5,10.0,45000.0,13.1,380.0,1538.0
Ханты-Мансийский АО,УФО,2011,1131.5,37013.0,5.3,8.4,46706.0,11.9,391.4,1540.4
Ханты-Мансийский АО,УФО,2012,1188.6,39477.0,5.2,7.5,48536.0,12.3,387.5,1541.9
Ханты-Мансийский АО,УФО,2013,1246.5,41948.0,5.0,9.6,49778.0,12.4,409.6,1539.3
Ханты-Мансийский АО,УФО,2014,1275.5,42895.0,5.1,9.7,53242.0,12.5,414.2,1535.7
Ханты-Мансийский АО,УФО,2015,1259.2,43889.0,5.6,6.4,58805.0,13.4,420.7,1541.6
Ханты-Мансийский АО,УФО,2016,1287.5,46575.0,5.5,6.8,60306.0,12.6,407.0,1540.2
Ханты-Мансийский АО,УФО,2017,1349.7,51206.0,5.3,7.7,63595.0,10.6,418.7,1539.1
Ханты-Мансийский АО,УФО,2018,1408.5,55463.0,4.9,6.6,68998.0,9.6,427.6,1546.9
Ханты-Мансийский АО,УФО,2019,1473.8,59569.0,4.7,-0.7,75247.0,9.0,437.5,1547.4
Ханты-Мансийский АО,УФО,2020,1482.7,61378.0,5.4,-4.9,81809.0,7.4,443.2,1542.4
Ханты-Мансийский АО,УФО,2021,1542.9,63753.0,5.2,-0.8,89886.0,7.1,451.7,1540.0
Ханты-Мансийский АО,УФО,2022,1561.4,66879.0,5.1,-0.5,98890.0,10.1,456.2,1535.2
Ханты-Мансийский АО,УФО,2023,1648.3,69874.0,5.0,-2.1,104749.0,7.7,444.9,1542.3
Ямало-Ненецкий АО,УФО,2010,1900.0,48000.0,4.2,25.0,48000.0,13.1,600.0,523.0
Ямало-Ненецкий АО,УФО,2011,1967.4,50535.0,4.1,22.1,50645.0,11.9,605.4,522.2
Ямало-Ненецкий АО,УФО,2012,2010.1,52138.0,4.0,25.8,52626.0,12.3,612.8,524.3
Ямало-Ненецкий АО,УФО,2013,2100.0,54076.0,3.8,23.7,54631.0,12.4,616.7,524.3
Ямало-Ненецкий АО,УФО,2014,2126.4,55746.0,3.9,25.5,57602.0,12.5,632.6,524.2
Ямало-Ненецкий АО,УФО,2015,2069.6,56986.0,4.3,26.7,59493.0,13.4,648.5,526.0
Ямало-Ненецкий АО,УФО,2016,2124.2,59333.0,4.1,19.9,64557.0,12.6,650.7,526.1
Ямало-Ненецкий АО,УФО,2017,2222.8,63433.0,4.0,22.9,65888.0,10.6,642.6,525.1
Ямало-Ненецкий АО,УФО,2018,2371.8,67270.0,3.7,22.5,70693.0,9.6,653.6,526.9
Ямало-Ненецкий АО,УФО,2019,2457.0,70974.0,3.7,19.8,73967.0,9.0,627.1,527.9
Ямало-Ненецкий АО,УФО,2020,2499.2,74077.0,4.3,17.1,81933.0,7.4,635.7,526.6
Ямало-Ненецкий АО,УФО,2021,2580.9,79701.0,4.2,11.9,90340.0,7.1,655.8,525.8
Ямало-Ненецкий АО,УФО,2022,2662.4,83967.0,4.2,8.2,101047.0,10.1,655.0,523.5
Ямало-Ненецкий АО,УФО,2023,2814.0,90316.0,4.3,4.2,106856.0,7.7,683.7,524.0
Челябинская область,УФО,2010,185.0,16200.0,7.8,-8.0,30000.0,13.1,65.0,3509.0
Челябинская область,УФО,2011,191.6,17274.0,7.7,-13.0,32635.0,11.9,66.0,3490.4
Челябинская область,УФО,2012,203.5,18316.0,7.5,-10.4,34419.0,12.3,69.0,3482.4
Челябинская область,УФО,2013,217.6,19311.0,7.5,-10.3,38341.0,12.4,69.8,3465.8
Челябинская область,УФО,2014,228.4,20090.0,7.7,-14.1,41724.0,12.5,73.5,3464.9
Челябинская область,УФО,2015,230.0,20612.0,8.0,-12.1,42721.0,13.4,76.3,3462.6
Челябинская область,УФО,2016,244.6,21976.0,8.0,-11.0,44799.0,12.6,81.0,3466.3
Челябинская область,УФО,2017,257.1,23072.0,7.7,-9.3,47974.0,10.6,84.0,3461.8
Челябинская область,УФО,2018,268.4,24609.0,7.6,-13.0,52219.0,9.6,86.6,3457.0
Челябинская область,УФО,2019,279.5,25736.0,7.3,-13.6,55169.0,9.0,87.4,3454.7
Челябинская область,УФО,2020,286.0,25959.0,7.9,-17.3,63452.0,7.4,88.3,3448.3
Челябинская область,УФО,2021,305.4,27232.0,7.6,-14.4,73969.0,7.1,91.2,3441.6
Челябинская область,УФО,2022,329.1,28195.0,7.7,-22.9,81328.0,10.1,94.0,3418.1
Челябинская область,УФО,2023,340.3,29734.0,7.3,-22.7,89922.0,7.7,94.9,3412.9
Республика Алтай,СФО,2010,105.0,12400.0,12.5,-15.0,25000.0,13.1,55.0,206.0
Республика Алтай,СФО,2011,112.7,13273.0,12.5,-16.1,27006.0,11.9,57.9,205.5
Республика Алтай,СФО,2012,118.7,14070.0,12.0,-11.9,29504.0,12.3,58.0,205.5
Республика Алтай,СФО,2013,125.1,15067.0,11.7,-8.9,31487.0,12.4,61.4,206.2
Республика Алтай,СФО,2014,129.8,15661.0,12.0,-10.3,33859.0,12.5,62.7,205.7
Республика Алтай,СФО,2015,129.1,16146.0,12.4,-17.8,36513.0,13.4,63.8,205.2
Республика Алтай,СФО,2016,137.7,17465.0,11.8,-21.9,38107.0,12.6,63.9,205.1
Республика Алтай,СФО,2017,149.4,18584.0,11.5,-22.9,41380.0,10.6,65.9,204.3
Республика Алтай,СФО,2018,154.7,19762.0,11.1,-23.3,43827.0,9.6,68.7,203.3
Республика Алтай,СФО,2019,164.1,21133.0,10.8,-25.5,45395.0,9.0,70.8,202.3
Республика Алтай,СФО,2020,169.4,21434.0,11.5,-23.5,50652.0,7.4,71.5,201.4
Республика Алтай,СФО,2021,177.6,23004.0,11.0,-24.1,54856.0,7.1,74.2,200.3
Республика Алтай,СФО,2022,182.1,24054.0,10.9,-30.4,60941.0,10.1,76.1,199.7
Республика Алтай,СФО,2023,190.8,25856.0,10.3,-29.5,70438.0,7.7,77.0,198.7
Республика Тыва,СФО,2010,93.0,10300.0,21.8,-20.0,22000.0,13.1,28.0,308.0
Республика Тыва,СФО,2011,97.7,10813.0,21.0,-19.9,22570.0,11.9,29.1,307.7
Республика Тыва,СФО,2012,101.8,11455.0,20.5,-20.5,23691.0,12.3,30.1,306.8
Республика Тыва,СФО,2013,106.3,11927.0,19.6,-22.8,25003.0,12.4,31.8,305.2
Республика Тыва,СФО,2014,109.5,12457.0,19.4,-29.5,26170.0,12.5,31.8,304.2
Республика Тыва,СФО,2015,110.6,12486.0,19.2,-29.1,26637.0,13.4,33.4,303.0
Республика Тыва,СФО,2016,115.9,13305.0,18.5,-33.1,27474.0,12.6,34.1,301.9
Республика Тыва,СФО,2017,121.2,14076.0,18.2,-30.2,28149.0,10.6,35.9,300.5
Республика Тыва,СФО,2018,124.0,15270.0,17.8,-26.7,29521.0,9.6,36.0,299.4
Республика Тыва,СФО,2019,132.7,16397.0,17.5,-34.8,30329.0,9.0,36.1,297.9
Республика Тыва,СФО,2020,132.2,16763.0,17.6,-43.1,33513.0,7.4,36.5,297.9
Республика Тыва,СФО,2021,136.4,18106.0,17.1,-45.1,36348.0,7.1,37.3,296.8
Республика Тыва,СФО,2022,139.3,18514.0,16.8,-52.7,39496.0,10.1,36.8,294.9
Республика Тыва,СФО,2023,148.9,19617.0,16.4,-53.7,43218.0,7.7,38.8,292.2
Республика Хакасия,СФО,2010,170.0,13400.0,8.2,-10.0,27000.0,13.1,50.0,533.0
Республика Хакасия,СФО,2011,180.7,14096.0,7.9,-17.5,28787.0,11.9,50.6,531.3
Республика Хакасия,СФО,2012,192.5,14829.0,7.7,-18.1,30546.0,12.3,50.7,528.8
Республика Хакасия,СФО,2013,206.2,15894.0,7.6,-16.2,31987.0,12.4,52.2,525.6
Республика Хакасия,СФО,2014,213.2,16398.0,7.7,-19.3,33664.0,12.5,55.9,521.9
Республика Хакасия,СФО,2015,217.1,16417.0,8.2,-20.0,34967.0,13.4,56.6,520.3
Республика Хакасия,СФО,2016,229.0,17277.0,8.1,-17.1,37169.0,12.6,57.7,519.4
Республика Хакасия,СФО,2017,239.1,18476.0,7.8,-16.9,39326.0,10.6,57.5,519.0
Республика Хакасия,СФО,2018,250.4,19301.0,7.6,-14.1,41733.0,9.6,58.7,518.8
Республика Хакасия,СФО,2019,260.6,20307.0,7.5,-15.1,43317.0,9.0,60.6,517.2
Республика Хакасия,СФО,2020,271.2,21007.0,8.2,-22.8,48009.0,7.4,60.3,514.6
Республика Хакасия,СФО,2021,282.3,22208.0,8.1,-28.7,50999.0,7.1,62.6,513.6
Республика Хакасия,СФО,2022,294.2,23051.0,8.2,-36.4,56849.0,10.1,63.5,512.1
Республика Хакасия,СФО,2023,312.2,25115.0,7.9,-32.7,61776.0,7.7,65.9,509.9
Алтайский край,СФО,2010,115.0,11600.0,9.0,-20.0,27000.0,13.1,40.0,2419.0
Алтайский край,СФО,2011,123.1,12223.0,8.8,-15.8,28074.0,11.9,40.3,2413.3
Алтайский край,СФО,2012,131.8,12746.0,8.5,-15.6,29773.0,12.3,40.8,2410.5
Алтайский край,СФО,2013,137.5,13533.0,8.3,-16.0,31828.0,12.4,40.8,2403.4
Алтайский край,СФО,2014,140.1,14071.0,8.2,-20.2,33761.0,12.5,42.6,2410.0
Алтайский край,СФО,2015,137.6,14086.0,8.5,-16.7,36655.0,13.4,41.6,2396.8
Алтайский край,СФО,2016,140.2,14662.0,8.2,-14.7,39926.0,12.6,43.3,2397.6
Алтайский край,СФО,2017,151.1,15496.0,7.9,-15.5,40754.0,10.6,43.4,2390.6
Алтайский край,СФО,2018,161.3,16677.0,7.7,-15.3,43457.0,9.6,45.2,2388.9
Алтайский край,СФО,2019,169.6,18114.0,7.4,-13.9,45162.0,9.0,45.5,2389.2
Алтайский край,СФО,2020,172.7,18307.0,7.8,-19.0,50776.0,7.4,47.1,2375.9
Алтайский край,СФО,2021,178.8,19594.0,7.7,-23.3,56193.0,7.1,46.7,2369.5
Алтайский край,СФО,2022,183.0,20478.0,7.6,-26.3,63294.0,10.1,48.9,2359.8
Алтайский край,СФО,2023,193.4,21681.0,7.4,-28.4,68856.0,7.7,50.1,2344.7
Красноярский край,СФО,2010,345.0,20000.0,6.2,-5.0,36000.0,13.1,150.0,2828.0
Красноярский край,СФО,2011,371.9,21341.0,6.1,-4.6,37644.0,11.9,153.1,2820.8
Красноярский край,СФО,2012,400.9,22612.0,5.9,-6.5,41488.0,12.3,163.2,2801.3
Красноярский край,СФО,2013,419.5,23806.0,5.6,-7.3,44512.0,12.4,168.3,2799.3
Красноярский край,СФО,2014,438.8,24394.0,5.8,-7.0,47506.0,12.5,169.9,2790.1
Красноярский край,СФО,2015,440.9,24919.0,6.2,-7.1,48541.0,13.4,177.5,2780.1
Красноярский край,СФО,2016,467.4,26181.0,6.1,-9.1,50896.0,12.6,179.9,2775.4
Красноярский край,СФО,2017,497.3,27587.0,5.8,-6.7,54275.0,10.6,188.9,2766.1
Красноярский край,СФО,2018,528.2,29706.0,5.6,-6.3,57304.0,9.6,196.2,2748.4
Красноярский край,СФО,2019,549.7,32020.0,5.4,-5.4,62587.0,9.0,199.9,2747.9
Красноярский край,СФО,2020,553.2,32880.0,6.3,-11.1,69451.0,7.4,210.4,2735.8
Красноярский край,СФО,2021,603.6,35228.0,6.2,-14.2,76612.0,7.1,222.6,2731.2
Красноярский край,СФО,2022,644.2,36910.0,6.1,-16.9,85510.0,10.1,236.7,2717.5
Красноярский край,СФО,2023,686.6,40095.0,6.0,-12.2,95387.0,7.7,239.7,2716.3
Иркутская область,СФО,2010,225.0,16200.0,9.2,-15.0,33000.0,13.1,85.0,2428.0
Иркутская область,СФО,2011,237.4,17202.0,8.9,-23.1,34488.0,11.9,90.4,2421.6
Иркутская область,СФО,2012,250.3,18218.0,8.8,-22.3,36287.0,12.3,94.4,2412.2
Иркутская область,СФО,2013,265.2,19315.0,8.6,-17.6,37847.0,12.4,98.2,2411.5
Иркутская область,СФО,2014,269.9,20262.0,8.6,-22.7,39355.0,12.5,102.4,2405.5
Иркутская область,СФО,2015,260.9,20186.0,8.9,-30.4,41568.0,13.4,105.4,2392.5
Иркутская область,СФО,2016,278.1,21546.0,8.7,-32.7,44048.0,12.6,110.9,2381.0
Иркутская область,СФО,2017,288.6,22809.0,8.6,-33.6,47730.0,10.6,115.6,2377.0
Иркутская область,СФО,2018,305.0,24605.0,8.5,-34.2,50571.0,9.6,120.5,2367.6
Иркутская область,СФО,2019,329.6,26039.0,8.2,-33.7,52189.0,9.0,129.2,2362.7
Иркутская область,СФО,2020,335.8,26450.0,8.7,-38.0,56967.0,7.4,128.1,2351.3
Иркутская область,СФО,2021,364.5,28072.0,8.4,-37.2,63867.0,7.1,131.1,2339.2
Иркутская область,СФО,2022,386.9,28943.0,8.2,-43.0,68951.0,10.1,138.3,2319.4
Иркутская область,СФО,2023,402.2,30701.0,8.0,-48.1,77538.0,7.7,143.4,2302.2
Кемеровская область,СФО,2010,195.0,15600.0,8.5,-20.0,32000.0,13.1,70.0,2763.0
Кемеровская область,СФО,2011,202.3,16420.0,8.1,-13.4,34382.0,11.9,72.7,2760.8
Кемеровская область,СФО,2012,212.4,17466.0,7.8,-20.5,38170.0,12.3,71.9,2753.4
Кемеровская область,СФО,2013,224.3,18331.0,7.6,-16.2,39930.0,12.4,70.2,2742.9
Кемеровская область,СФО,2014,229.9,18508.0,7.6,-20.5,42713.0,12.5,70.9,2733.0
Кемеровская область,СФО,2015,230.7,18362.0,7.9,-18.1,44916.0,13.4,72.2,2721.5
Кемеровская область,СФО,2016,239.8,19054.0,7.5,-14.8,49324.0,12.6,74.3,2715.8
Кемеровская область,СФО,2017,252.7,19924.0,7.2,-9.3,51499.0,10.6,76.2,2703.7
Кемеровская область,СФО,2018,271.5,20892.0,6.9,-6.7,54916.0,9.6,78.9,2684.5
Кемеровская область,СФО,2019,282.0,21693.0,6.8,-4.6,56752.0,9.0,80.1,2681.9
Кемеровская область,СФО,2020,284.3,22193.0,7.4,-9.5,62325.0,7.4,83.1,2673.2
Кемеровская область,СФО,2021,296.1,23214.0,7.2,-9.5,68732.0,7.1,85.8,2668.8
Кемеровская область,СФО,2022,300.5,23384.0,7.1,-14.2,75091.0,10.1,88.2,2665.9
Кемеровская область,СФО,2023,310.4,24847.0,6.8,-10.6,82840.0,7.7,87.8,2659.6
Новосибирская область,СФО,2010,210.0,17500.0,7.0,20.0,37000.0,13.1,70.0,2665.0
Новосибирская область,СФО,2011,220.0,18669.0,6.8,24.4,39392.0,11.9,72.1,2667.3
Новосибирская область,СФО,2012,239.2,20318.0,6.4,25.8,44169.0,12.3,75.2,2677.1
Новосибирская область,СФО,2013,255.6,22196.0,6.3,26.8,48972.0,12.4,78.9,2668.2
Новосибирская область,СФО,2014,263.3,23609.0,6.3,30.1,52517.0,12.5,81.6,2683.1
Новосибирская область,СФО,2015,264.1,24294.0,6.8,29.6,56465.0,13.4,85.7,2690.9
Новосибирская область,СФО,2016,295.0,25674.0,6.4,25.1,59441.0,12.6,88.3,2689.6
Новосибирская область,СФО,2017,311.3,27156.0,6.2,27.8,65462.0,10.6,90.7,2690.3
Новосибирская область,СФО,2018,331.8,29185.0,6.0,29.2,68583.0,9.6,89.6,2706.5
Новосибирская область,СФО,2019,355.8,31535.0,6.0,22.9,74463.0,9.0,93.6,2712.3
Новосибирская область,СФО,2020,381.2,32841.0,6.6,18.0,86219.0,7.4,95.9,2703.8
Новосибирская область,СФО,2021,401.1,35486.0,6.5,17.5,99451.0,7.1,100.2,2712.3
Новосибирская область,СФО,2022,421.0,37092.0,6.6,10.1,115036.0,10.1,103.1,2707.4
Новосибирская область,СФО,2023,449.9,39473.0,6.4,14.3,134733.0,7.7,105.7,2716.9
Омская область,СФО,2010,195.0,15700.0,8.2,-15.0,30000.0,13.1,60.0,1977.0
Омская область,СФО,2011,203.9,16888.0,7.7,-10.0,31491.0,11.9,60.0,1969.6
Омская область,СФО,2012,213.7,17705.0,7.3,-8.7,34164.0,12.3,60.7,1960.3
Омская область,СФО,2013,221.5,18293.0,6.9,-13.1,35514.0,12.4,62.0,1955.8
Омская область,СФО,2014,223.8,19457.0,7.0,-12.9,39394.0,12.5,62.0,1949.4
Омская область,СФО,2015,218.2,19797.0,7.4,-18.1,42006.0,13.4,62.6,1940.0
Омская область,СФО,2016,229.5,21082.0,7.0,-19.8,43888.0,12.6,65.0,1933.2
Омская область,СФО,2017,238.7,22195.0,7.1,-18.5,48718.0,10.6,65.1,1928.0
Омская область,СФО,2018,252.4,24241.0,6.8,-18.4,51092.0,9.6,64.8,1915.9
Омская область,СФО,2019,265.1,26218.0,6.5,-15.7,54834.0,9.0,65.6,1907.8
Омская область,СФО,2020,277.5,27583.0,7.2,-17.5,61022.0,7.4,66.8,1900.4
Омская область,СФО,2021,285.6,29381.0,6.9,-21.5,69175.0,7.1,66.2,1891.0
Омская область,СФО,2022,290.7,30411.0,6.9,-27.7,74602.0,10.1,67.7,1884.0
Омская область,СФО,2023,301.5,31665.0,6.7,-24.6,84986.0,7.7,68.0,1890.7
Томская область,СФО,2010,280.0,16800.0,8.8,-5.0,33000.0,13.1,90.0,1047.0
Томская область,СФО,2011,298.8,17657.0,8.4,-5.1,34930.0,11.9,91.2,1042.3
Томская область,СФО,2012,321.2,18729.0,8.1,-4.3,37690.0,12.3,92.9,1038.4
Томская область,СФО,2013,338.7,19647.0,8.0,-6.3,39610.0,12.4,91.5,1039.1
Томская область,СФО,2014,353.8,20095.0,8.3,-8.4,41460.0,12.5,98.9,1038.0
Томская область,СФО,2015,352.9,20555.0,8.5,-11.4,43726.0,13.4,97.5,1033.7
Томская область,СФО,2016,373.7,21507.0,8.2,-11.4,46055.0,12.6,102.0,1033.3
Томская область,СФО,2017,399.0,23193.0,7.8,-12.7,48826.0,10.6,104.0,1033.0
Томская область,СФО,2018,431.2,24868.0,7.4,-10.0,50369.0,9.6,109.2,1030.1
Томская область,СФО,2019,461.9,25939.0,7.1,-13.0,55157.0,9.0,109.0,1024.2
Томская область,СФО,2020,475.6,27248.0,7.8,-17.3,64440.0,7.4,112.3,1022.9
Томская область,СФО,2021,505.6,29069.0,7.6,-14.8,70844.0,7.1,115.3,1018.2
Томская область,СФО,2022,540.2,30619.0,7.6,-15.8,79443.0,10.1,118.6,1019.2
Томская область,СФО,2023,561.4,32966.0,7.2,-17.5,89683.0,7.7,120.3,1013.5
Республика Бурятия,ДФО,2010,120.0,14200.0,11.0,-35.0,28000.0,13.1,38.0,972.0
Республика Бурятия,ДФО,2011,126.0,15042.0,10.8,-31.8,30029.0,11.9,39.4,966.7
Республика Бурятия,ДФО,2012,131.7,16091.0,10.6,-29.4,31495.0,12.3,40.2,959.5
Республика Бурятия,ДФО,2013,139.7,17009.0,10.5,-25.4,33857.0,12.4,41.6,958.7
Республика Бурятия,ДФО,2014,145.4,17731.0,10.6,-28.3,35912.0,12.5,43.1,956.0
Республика Бурятия,ДФО,2015,145.0,17858.0,11.2,-36.2,39049.0,13.4,43.9,950.8
Республика Бурятия,ДФО,2016,152.3,19188.0,10.7,-39.6,41722.0,12.6,45.0,946.7
Республика Бурятия,ДФО,2017,156.6,20209.0,10.6,-36.0,44669.0,10.6,44.9,939.3
Республика Бурятия,ДФО,2018,162.2,20834.0,10.2,-34.6,46608.0,9.6,46.5,932.3
Республика Бурятия,ДФО,2019,172.3,21937.0,9.7,-38.0,49416.0,9.0,47.2,929.6
Республика Бурятия,ДФО,2020,176.5,22840.0,10.0,-43.9,55860.0,7.4,48.2,925.0
Республика Бурятия,ДФО,2021,187.3,24656.0,9.7,-43.1,62086.0,7.1,48.4,918.4
Республика Бурятия,ДФО,2022,192.1,26106.0,9.5,-51.3,66057.0,10.1,50.5,915.3
Республика Бурятия,ДФО,2023,205.5,27939.0,9.2,-50.2,75253.0,7.7,52.0,912.0
Респ. Саха (Якутия),ДФО,2010,380.0,24600.0,8.8,-25.0,42000.0,13.1,180.0,958.0
Респ. Саха (Якутия),ДФО,2011,398.9,25979.0,8.3,-24.8,42646.0,11.9,185.6,956.3
Респ. Саха (Якутия),ДФО,2012,419.8,28092.0,8.1,-30.0,43884.0,12.3,195.4,957.7
Респ. Саха (Якутия),ДФО,2013,444.5,29464.0,7.9,-29.7,45208.0,12.4,200.0,953.3
Респ. Саха (Якутия),ДФО,2014,461.4,30465.0,7.6,-30.6,46066.0,12.5,205.0,947.8
Респ. Саха (Якутия),ДФО,2015,465.8,31490.0,8.0,-28.4,47904.0,13.4,215.3,943.7
Респ. Саха (Якутия),ДФО,2016,487.5,33655.0,7.7,-28.5,50335.0,12.6,217.6,942.6
Респ. Саха (Якутия),ДФО,2017,501.8,35684.0,7.6,-28.7,54022.0,10.6,224.6,938.6
Респ. Саха (Якутия),ДФО,2018,536.6,37870.0,7.3,-30.6,56817.0,9.6,233.3,933.8
Респ. Саха (Якутия),ДФО,2019,580.3,38591.0,6.9,-29.6,60702.0,9.0,240.1,931.0
Респ. Саха (Якутия),ДФО,2020,602.0,38416.0,7.6,-32.4,69183.0,7.4,243.2,925.9
Респ. Саха (Якутия),ДФО,2021,634.4,39709.0,7.2,-33.6,78006.0,7.1,246.2,922.4
Респ. Саха (Якутия),ДФО,2022,664.4,40587.0,7.4,-37.9,84748.0,10.1,252.6,920.3
Респ. Саха (Якутия),ДФО,2023,699.2,42895.0,7.3,-36.9,92248.0,7.7,262.8,918.2
Забайкальский край,ДФО,2010,145.0,14500.0,11.5,-50.0,30000.0,13.1,45.0,1107.0
Забайкальский край,ДФО,2011,151.3,15236.0,11.3,-52.8,32000.0,11.9,45.5,1100.1
Забайкальский край,ДФО,2012,160.5,15750.0,10.6,-52.3,35359.0,12.3,46.1,1093.4
Забайкальский край,ДФО,2013,168.3,16894.0,10.4,-52.6,38041.0,12.4,47.2,1090.4
Забайкальский край,ДФО,2014,167.6,17579.0,10.2,-59.9,40376.0,12.5,48.9,1083.3
Забайкальский край,ДФО,2015,167.9,18208.0,10.9,-64.0,41711.0,13.4,50.9,1072.9
Забайкальский край,ДФО,2016,175.2,19304.0,10.8,-67.3,44712.0,12.6,51.3,1060.8
Забайкальский край,ДФО,2017,187.1,19903.0,10.5,-70.7,47202.0,10.6,55.5,1052.1
Забайкальский край,ДФО,2018,196.3,21138.0,10.4,-70.0,50697.0,9.6,55.3,1045.3
Забайкальский край,ДФО,2019,204.1,22752.0,10.0,-73.0,53462.0,9.0,56.6,1038.0
Забайкальский край,ДФО,2020,206.5,23154.0,10.4,-78.3,57106.0,7.4,58.5,1029.4
Забайкальский край,ДФО,2021,212.1,24643.0,10.2,-76.2,61976.0,7.1,60.8,1024.3
Забайкальский край,ДФО,2022,220.3,25419.0,10.1,-79.0,71572.0,10.1,64.4,1018.4
Забайкальский край,ДФО,2023,229.1,27227.0,9.7,-84.1,79712.0,7.7,65.9,1009.3
Камчатский край,ДФО,2010,320.0,28000.0,7.5,-40.0,45000.0,13.1,100.0,322.0
Камчатский край,ДФО,2011,338.1,30192.0,7.3,-40.2,47028.0,11.9,100.7,320.9
Камчатский край,ДФО,2012,354.2,32528.0,7.2,-43.4,51811.0,12.3,103.4,319.9
Камчатский край,ДФО,2013,381.3,34837.0,6.9,-45.3,54903.0,12.4,100.0,317.5
Камчатский край,ДФО,2014,392.8,36007.0,6.9,-43.9,57237.0,12.5,100.7,315.4
Камчатский край,ДФО,2015,392.5,36440.0,7.0,-43.9,61083.0,13.4,104.5,314.7
Камчатский край,ДФО,2016,409.5,38176.0,6.8,-49.7,64165.0,12.6,105.8,312.1
Камчатский край,ДФО,2017,444.1,40016.0,6.4,-47.8,69706.0,10.6,109.5,310.2
Камчатский край,ДФО,2018,467.5,42541.0,6.3,-46.6,74590.0,9.6,114.2,307.6
Камчатский край,ДФО,2019,492.0,46686.0,6.3,-45.8,80211.0,9.0,123.0,306.1
Камчатский край,ДФО,2020,505.6,47002.0,6.8,-49.6,87682.0,7.4,129.5,304.9
Камчатский край,ДФО,2021,532.3,49213.0,6.5,-45.4,95187.0,7.1,129.8,302.7
Камчатский край,ДФО,2022,548.8,51846.0,6.6,-50.0,109699.0,10.1,135.7,300.3
Камчатский край,ДФО,2023,575.1,55395.0,6.5,-47.8,122937.0,7.7,138.0,299.6
Приморский край,ДФО,2010,200.0,18200.0,8.0,-20.0,48000.0,13.1,65.0,1956.0
Приморский край,ДФО,2011,207.9,19175.0,7.7,-25.7,52057.0,11.9,66.9,1950.9
Приморский край,ДФО,2012,226.9,20439.0,7.5,-22.9,56906.0,12.3,69.6,1946.0
Приморский край,ДФО,2013,239.4,21458.0,7.3,-22.0,61152.0,12.4,72.0,1941.5
Приморский край,ДФО,2014,249.2,22634.0,7.3,-23.9,66148.0,12.5,72.1,1928.1
Приморский край,ДФО,2015,256.2,23072.0,7.6,-25.1,71984.0,13.4,76.1,1921.5
Приморский край,ДФО,2016,270.8,24229.0,7.5,-30.8,80333.0,12.6,77.7,1918.2
Приморский край,ДФО,2017,291.6,25713.0,7.5,-36.0,86366.0,10.6,80.5,1912.4
Приморский край,ДФО,2018,304.9,27249.0,7.3,-39.5,92813.0,9.6,82.1,1906.9
Приморский край,ДФО,2019,314.5,29071.0,7.1,-44.1,99583.0,9.0,82.4,1896.7
Приморский край,ДФО,2020,316.4,30057.0,7.7,-51.4,108186.0,7.4,84.0,1885.8
Приморский край,ДФО,2021,338.6,32535.0,7.6,-56.8,129258.0,7.1,86.5,1878.8
Приморский край,ДФО,2022,349.2,34299.0,7.6,-64.0,142977.0,10.1,88.2,1869.5
Приморский край,ДФО,2023,364.3,35960.0,7.2,-65.8,161179.0,7.7,89.5,1855.3
Хабаровский край,ДФО,2010,260.0,21500.0,8.0,-30.0,45000.0,13.1,80.0,1344.0
Хабаровский край,ДФО,2011,270.8,23367.0,7.7,-31.3,47321.0,11.9,81.7,1340.1
Хабаровский край,ДФО,2012,291.2,24679.0,7.5,-26.1,49382.0,12.3,86.2,1329.3
Хабаровский край,ДФО,2013,309.5,26761.0,7.3,-27.7,52465.0,12.4,88.2,1323.4
Хабаровский край,ДФО,2014,316.7,27591.0,7.4,-27.3,57517.0,12.5,91.5,1318.0
Хабаровский край,ДФО,2015,315.2,27873.0,7.7,-31.9,61546.0,13.4,92.1,1318.5
Хабаровский край,ДФО,2016,320.2,29482.0,7.6,-31.6,68127.0,12.6,94.9,1311.3
Хабаровский край,ДФО,2017,328.0,31328.0,7.3,-26.3,71765.0,10.6,96.1,1312.8
Хабаровский край,ДФО,2018,348.8,33022.0,7.3,-27.1,74980.0,9.6,99.7,1301.7
Хабаровский край,ДФО,2019,373.4,35417.0,7.1,-27.3,77684.0,9.0,102.9,1294.8
Хабаровский край,ДФО,2020,389.8,36240.0,7.8,-30.4,83524.0,7.4,101.4,1290.4
Хабаровский край,ДФО,2021,409.9,37918.0,7.5,-31.4,92108.0,7.1,99.9,1286.7
Хабаровский край,ДФО,2022,430.9,40027.0,7.5,-38.3,106358.0,10.1,103.6,1282.9
Хабаровский край,ДФО,2023,459.1,43405.0,7.3,-37.5,114727.0,7.7,104.1,1280.1
Амурская область,ДФО,2010,185.0,17500.0,7.5,-40.0,35000.0,13.1,70.0,830.0
Амурская область,ДФО,2011,193.5,18502.0,7.4,-37.4,36302.0,11.9,70.3,826.7
Амурская область,ДФО,2012,199.9,19528.0,7.1,-40.6,37892.0,12.3,74.0,822.5
Амурская область,ДФО,2013,209.8,21069.0,6.7,-40.7,39948.0,12.4,74.0,817.4
Амурская область,ДФО,2014,211.1,22198.0,6.9,-40.7,43315.0,12.5,76.0,812.1
Амурская область,ДФО,2015,209.3,22811.0,7.2,-41.9,46714.0,13.4,78.4,806.9
Амурская область,ДФО,2016,221.5,24599.0,6.9,-38.9,49324.0,12.6,78.1,803.4
Амурская область,ДФО,2017,234.3,25916.0,6.7,-41.1,53289.0,10.6,79.0,797.8
Амурская область,ДФО,2018,246.0,27347.0,6.1,-43.6,56963.0,9.6,81.6,792.9
Амурская область,ДФО,2019,266.7,28612.0,5.8,-42.4,61149.0,9.0,86.4,787.5
Амурская область,ДФО,2020,272.1,29136.0,6.5,-44.1,66015.0,7.4,93.6,784.4
Амурская область,ДФО,2021,290.1,31281.0,6.4,-38.5,71446.0,7.1,98.1,779.9
Амурская область,ДФО,2022,299.8,33055.0,6.4,-43.8,77294.0,10.1,96.7,776.1
Амурская область,ДФО,2023,315.1,34251.0,6.1,-40.5,89475.0,7.7,97.5,771.6
Магаданская область,ДФО,2010,380.0,30000.0,6.0,-120.0,42000.0,13.1,130.0,157.0
Магаданская область,ДФО,2011,405.7,32213.0,5.6,-117.7,43806.0,11.9,137.7,154.7
Магаданская область,ДФО,2012,438.9,34205.0,5.5,-115.8,45377.0,12.3,143.5,152.5
Магаданская область,ДФО,2013,461.9,36255.0,5.2,-114.8,47607.0,12.4,149.7,150.5
Магаданская область,ДФО,2014,468.9,37326.0,5.3,-119.4,49773.0,12.5,142.9,148.7
Магаданская область,ДФО,2015,466.5,37885.0,5.8,-123.9,53873.0,13.4,149.8,146.9
Магаданская область,ДФО,2016,492.8,40064.0,5.8,-124.4,57030.0,12.6,152.2,145.1
Магаданская область,ДФО,2017,533.7,42993.0,5.7,-121.7,58195.0,10.6,157.9,142.9
Магаданская область,ДФО,2018,560.2,46117.0,5.6,-121.9,60173.0,9.6,161.4,140.8
Магаданская область,ДФО,2019,586.0,49079.0,5.5,-118.0,61497.0,9.0,165.1,139.2
Магаданская область,ДФО,2020,596.0,51176.0,6.1,-118.7,66761.0,7.4,165.6,137.5
Магаданская область,ДФО,2021,647.3,53315.0,6.0,-118.2,71195.0,7.1,164.7,136.2
Магаданская область,ДФО,2022,668.4,55385.0,6.2,-120.6,78389.0,10.1,163.7,134.5
Магаданская область,ДФО,2023,716.0,58609.0,6.1,-123.0,84758.0,7.7,170.4,133.1
Сахалинская область,ДФО,2010,750.0,28000.0,7.5,-15.0,55000.0,13.1,400.0,498.0
Сахалинская область,ДФО,2011,811.3,30460.0,7.4,-17.2,58876.0,11.9,417.8,496.7
Сахалинская область,ДФО,2012,869.7,32219.0,7.0,-13.2,65917.0,12.3,421.4,496.3
Сахалинская область,ДФО,2013,916.3,34725.0,7.1,-18.4,72602.0,12.4,437.1,495.5
Сахалинская область,ДФО,2014,967.6,36802.0,7.2,-18.0,77367.0,12.5,451.1,494.8
Сахалинская область,ДФО,2015,998.9,37341.0,7.5,-17.9,82405.0,13.4,459.4,493.7
Сахалинская область,ДФО,2016,1110.7,40048.0,7.2,-18.1,88279.0,12.6,477.8,493.4
Сахалинская область,ДФО,2017,1190.4,42443.0,7.0,-14.5,92711.0,10.6,491.4,490.9
Сахалинская область,ДФО,2018,1267.7,45493.0,6.8,-16.9,95562.0,9.6,501.5,489.8
Сахалинская область,ДФО,2019,1353.1,48353.0,6.7,-22.7,103127.0,9.0,538.5,488.7
Сахалинская область,ДФО,2020,1400.7,50279.0,7.3,-29.4,113354.0,7.4,560.2,486.2
Сахалинская область,ДФО,2021,1504.0,54185.0,7.1,-26.5,128221.0,7.1,575.7,485.5
Сахалинская область,ДФО,2022,1571.9,56949.0,7.2,-28.6,139695.0,10.1,595.2,483.6
Сахалинская область,ДФО,2023,1661.1,61450.0,7.0,-28.8,156193.0,7.7,614.3,481.3
Еврейская АО,ДФО,2010,130.0,14500.0,8.8,-55.0,28000.0,13.1,30.0,176.0
Еврейская АО,ДФО,2011,134.4,15516.0,8.5,-57.0,30262.0,11.9,29.7,174.7
Еврейская АО,ДФО,2012,144.0,16232.0,8.2,-59.5,32004.0,12.3,30.3,173.1
Еврейская АО,ДФО,2013,147.7,16460.0,7.9,-63.8,33970.0,12.4,31.8,171.6
Еврейская АО,ДФО,2014,148.0,16731.0,7.9,-63.6,36282.0,12.5,32.6,170.9
Еврейская АО,ДФО,2015,150.4,17445.0,8.2,-68.4,37409.0,13.4,34.8,169.7
Еврейская АО,ДФО,2016,155.1,18405.0,8.1,-68.5,38242.0,12.6,34.9,168.4
Еврейская АО,ДФО,2017,162.4,19596.0,7.8,-68.0,38825.0,10.6,35.6,167.4
Еврейская АО,ДФО,2018,165.9,20326.0,7.7,-68.4,39188.0,9.6,35.6,165.7
Еврейская АО,ДФО,2019,171.3,20961.0,7.4,-65.1,40222.0,9.0,36.1,164.4
Еврейская АО,ДФО,2020,173.0,21278.0,8.0,-68.4,44833.0,7.4,37.0,163.1
Еврейская АО,ДФО,2021,179.0,22342.0,7.7,-67.0,49237.0,7.1,37.0,162.3
Еврейская АО,ДФО,2022,179.0,23346.0,7.5,-70.5,52662.0,10.1,37.8,161.2
Еврейская АО,ДФО,2023,187.9,24909.0,7.3,-68.0,58639.0,7.7,39.2,159.2
Чукотский АО,ДФО,2010,580.0,42000.0,4.5,-100.0,40000.0,13.1,250.0,51.0
Чукотский АО,ДФО,2011,622.7,43949.0,4.3,-98.7,39959.0,11.9,256.1,50.5
Чукотский АО,ДФО,2012,644.6,46768.0,4.1,-102.9,42227.0,12.3,265.9,50.0
Чукотский АО,ДФО,2013,674.0,48287.0,4.0,-96.4,45104.0,12.4,282.2,49.5
Чукотский АО,ДФО,2014,682.6,49311.0,4.2,-100.1,48444.0,12.5,282.9,48.9
Чукотский АО,ДФО,2015,691.4,49479.0,4.8,-101.2,49974.0,13.4,294.7,48.3
Чукотский АО,ДФО,2016,720.4,52003.0,4.7,-100.9,52306.0,12.6,294.2,47.6
Чукотский АО,ДФО,2017,745.9,54273.0,4.6,-103.4,54319.0,10.6,311.0,47.1
Чукотский АО,ДФО,2018,779.1,57209.0,4.5,-98.5,57148.0,9.6,324.4,46.7
Чукотский АО,ДФО,2019,809.3,61662.0,4.4,-92.3,59822.0,9.0,324.9,46.2
Чукотский АО,ДФО,2020,818.1,62673.0,5.1,-97.0,65431.0,7.4,339.4,45.9
Чукотский АО,ДФО,2021,872.3,65579.0,5.0,-98.1,70878.0,7.1,344.9,45.5
Чукотский АО,ДФО,2022,887.6,69198.0,5.0,-107.6,75802.0,10.1,334.5,44.9
Чукотский АО,ДФО,2023,930.1,71662.0,4.8,-108.8,83199.0,7.7,329.6,44.5
